id,created_at,participant_id,pair_id,game,bandwidth_mbit,pair_index,video_a_kind,video_b_kind,video_a_file,video_b_file,score_a,score_b,which_real,is_correct,pairs_version,pairs_hash,user_agent
24,2026-06-19 21:11:57.71+00,mwyjHy7aNZ,10Mbit_Forza,Forza,10,0,real,synth,videos/10Mbit_Loss0_Forza.mp4,videos/10Mbit_Loss0_interpolated_frames_rife_1280_720_Forza.mp4,4,4,Video B,false,1.0.1781903019,b615bb70072a145b,Mozilla/5.0 (X11; Ubuntu; Linux x86_64; rv:152.0) Gecko/20100101 Firefox/152.0
25,2026-06-19 21:12:14.053+00,mwyjHy7aNZ,2Mbit_Fortnite,Fortnite,2,1,synth,real,videos/2Mbit_Loss0_interpolated_frames_rife_1280_720_Fortnite.mp4,videos/2Mbit_Loss0_Fortnite.mp4,2,3,Video B,true,1.0.1781903019,b615bb70072a145b,Mozilla/5.0 (X11; Ubuntu; Linux x86_64; rv:152.0) Gecko/20100101 Firefox/152.0
26,2026-06-19 21:12:35.238+00,mwyjHy7aNZ,4Mbit_Forza,Forza,4,2,synth,real,videos/4Mbit_Loss0_interpolated_frames_rife_1280_720_Forza.mp4,videos/4Mbit_Loss0_Forza.mp4,2,4,Video B,true,1.0.1781903019,b615bb70072a145b,Mozilla/5.0 (X11; Ubuntu; Linux x86_64; rv:152.0) Gecko/20100101 Firefox/152.0
27,2026-06-19 21:12:55.069+00,mwyjHy7aNZ,6Mbit_Forza,Forza,6,3,real,synth,videos/6Mbit_Loss0_Forza.mp4,videos/6Mbit_Loss0_interpolated_frames_rife_1280_720_Forza.mp4,3,4,Both,false,1.0.1781903019,b615bb70072a145b,Mozilla/5.0 (X11; Ubuntu; Linux x86_64; rv:152.0) Gecko/20100101 Firefox/152.0
28,2026-06-19 21:13:10.013+00,mwyjHy7aNZ,2Mbit_Kombat,Kombat,2,4,real,synth,videos/2Mbit_Loss0_Kombat.mp4,videos/2Mbit_Loss0_interpolated_frames_rife_1280_720_Kombat.mp4,2,3,Video B,false,1.0.1781903019,b615bb70072a145b,Mozilla/5.0 (X11; Ubuntu; Linux x86_64; rv:152.0) Gecko/20100101 Firefox/152.0
29,2026-06-19 21:13:21.413+00,mwyjHy7aNZ,10Mbit_Fortnite,Fortnite,10,5,real,synth,videos/10Mbit_Loss0_Fortnite.mp4,videos/10Mbit_Loss0_interpolated_frames_rife_1280_720_Fortnite.mp4,4,4,Video B,false,1.0.1781903019,b615bb70072a145b,Mozilla/5.0 (X11; Ubuntu; Linux x86_64; rv:152.0) Gecko/20100101 Firefox/152.0
30,2026-06-19 21:13:33.262+00,mwyjHy7aNZ,8Mbit_Forza,Forza,8,6,real,synth,videos/8Mbit_Loss0_Forza.mp4,videos/8Mbit_Loss0_interpolated_frames_rife_1280_720_Forza.mp4,3,4,Both,false,1.0.1781903019,b615bb70072a145b,Mozilla/5.0 (X11; Ubuntu; Linux x86_64; rv:152.0) Gecko/20100101 Firefox/152.0
31,2026-06-19 21:13:44.293+00,mwyjHy7aNZ,2Mbit_Forza,Forza,2,7,real,synth,videos/2Mbit_Loss0_Forza.mp4,videos/2Mbit_Loss0_interpolated_frames_rife_1280_720_Forza.mp4,2,2,Video B,false,1.0.1781903019,b615bb70072a145b,Mozilla/5.0 (X11; Ubuntu; Linux x86_64; rv:152.0) Gecko/20100101 Firefox/152.0
32,2026-06-19 21:14:05.838+00,mwyjHy7aNZ,4Mbit_Kombat,Kombat,4,8,synth,real,videos/4Mbit_Loss0_interpolated_frames_rife_1280_720_Kombat.mp4,videos/4Mbit_Loss0_Kombat.mp4,4,4,Both,false,1.0.1781903019,b615bb70072a145b,Mozilla/5.0 (X11; Ubuntu; Linux x86_64; rv:152.0) Gecko/20100101 Firefox/152.0
33,2026-06-19 21:14:15.678+00,mwyjHy7aNZ,6Mbit_Fortnite,Fortnite,6,9,synth,real,videos/6Mbit_Loss0_interpolated_frames_rife_1280_720_Fortnite.mp4,videos/6Mbit_Loss0_Fortnite.mp4,4,4,Both,false,1.0.1781903019,b615bb70072a145b,Mozilla/5.0 (X11; Ubuntu; Linux x86_64; rv:152.0) Gecko/20100101 Firefox/152.0
34,2026-06-19 21:14:28.622+00,mwyjHy7aNZ,8Mbit_Fortnite,Fortnite,8,10,synth,real,videos/8Mbit_Loss0_interpolated_frames_rife_1280_720_Fortnite.mp4,videos/8Mbit_Loss0_Fortnite.mp4,3,4,Video B,true,1.0.1781903019,b615bb70072a145b,Mozilla/5.0 (X11; Ubuntu; Linux x86_64; rv:152.0) Gecko/20100101 Firefox/152.0
35,2026-06-19 21:14:39.029+00,mwyjHy7aNZ,8Mbit_Kombat,Kombat,8,11,real,synth,videos/8Mbit_Loss0_Kombat.mp4,videos/8Mbit_Loss0_interpolated_frames_rife_1280_720_Kombat.mp4,4,4,Both,false,1.0.1781903019,b615bb70072a145b,Mozilla/5.0 (X11; Ubuntu; Linux x86_64; rv:152.0) Gecko/20100101 Firefox/152.0
36,2026-06-19 21:14:50.269+00,mwyjHy7aNZ,10Mbit_Kombat,Kombat,10,12,synth,real,videos/10Mbit_Loss0_interpolated_frames_rife_1280_720_Kombat.mp4,videos/10Mbit_Loss0_Kombat.mp4,4,4,Both,false,1.0.1781903019,b615bb70072a145b,Mozilla/5.0 (X11; Ubuntu; Linux x86_64; rv:152.0) Gecko/20100101 Firefox/152.0
37,2026-06-19 21:15:00.717+00,mwyjHy7aNZ,6Mbit_Kombat,Kombat,6,13,synth,real,videos/6Mbit_Loss0_interpolated_frames_rife_1280_720_Kombat.mp4,videos/6Mbit_Loss0_Kombat.mp4,4,4,Both,false,1.0.1781903019,b615bb70072a145b,Mozilla/5.0 (X11; Ubuntu; Linux x86_64; rv:152.0) Gecko/20100101 Firefox/152.0
38,2026-06-19 21:15:13.941+00,mwyjHy7aNZ,4Mbit_Fortnite,Fortnite,4,14,synth,real,videos/4Mbit_Loss0_interpolated_frames_rife_1280_720_Fortnite.mp4,videos/4Mbit_Loss0_Fortnite.mp4,2,3,Both,false,1.0.1781903019,b615bb70072a145b,Mozilla/5.0 (X11; Ubuntu; Linux x86_64; rv:152.0) Gecko/20100101 Firefox/152.0
39,2026-06-22 20:23:45.027+00,Mo7BmDwpAW,10Mbit_Kombat,Kombat,10,0,synth,real,videos/10Mbit_Loss0_interpolated_frames_rife_1280_720_Kombat.mp4,videos/10Mbit_Loss0_Kombat.mp4,3,4,Video B,true,1.0.1781903019,b615bb70072a145b,"Mozilla/5.0 (Windows NT 10.0; Win64; x64) AppleWebKit/537.36 (KHTML, like Gecko) Chrome/149.0.0.0 Safari/537.36 Edg/149.0.0.0"
40,2026-06-22 20:25:19.549+00,Mo7BmDwpAW,6Mbit_Kombat,Kombat,6,1,real,synth,videos/6Mbit_Loss0_Kombat.mp4,videos/6Mbit_Loss0_interpolated_frames_rife_1280_720_Kombat.mp4,2,2,Video A,true,1.0.1781903019,b615bb70072a145b,"Mozilla/5.0 (Windows NT 10.0; Win64; x64) AppleWebKit/537.36 (KHTML, like Gecko) Chrome/149.0.0.0 Safari/537.36 Edg/149.0.0.0"
41,2026-06-22 20:25:56.167+00,Mo7BmDwpAW,4Mbit_Kombat,Kombat,4,2,synth,real,videos/4Mbit_Loss0_interpolated_frames_rife_1280_720_Kombat.mp4,videos/4Mbit_Loss0_Kombat.mp4,1,1,Both,false,1.0.1781903019,b615bb70072a145b,"Mozilla/5.0 (Windows NT 10.0; Win64; x64) AppleWebKit/537.36 (KHTML, like Gecko) Chrome/149.0.0.0 Safari/537.36 Edg/149.0.0.0"
42,2026-06-22 20:26:29.654+00,Mo7BmDwpAW,2Mbit_Fortnite,Fortnite,2,3,real,synth,videos/2Mbit_Loss0_Fortnite.mp4,videos/2Mbit_Loss0_interpolated_frames_rife_1280_720_Fortnite.mp4,1,1,Video A,true,1.0.1781903019,b615bb70072a145b,"Mozilla/5.0 (Windows NT 10.0; Win64; x64) AppleWebKit/537.36 (KHTML, like Gecko) Chrome/149.0.0.0 Safari/537.36 Edg/149.0.0.0"
43,2026-06-22 20:27:20.626+00,Mo7BmDwpAW,2Mbit_Forza,Forza,2,4,synth,real,videos/2Mbit_Loss0_interpolated_frames_rife_1280_720_Forza.mp4,videos/2Mbit_Loss0_Forza.mp4,2,1,Video B,true,1.0.1781903019,b615bb70072a145b,"Mozilla/5.0 (Windows NT 10.0; Win64; x64) AppleWebKit/537.36 (KHTML, like Gecko) Chrome/149.0.0.0 Safari/537.36 Edg/149.0.0.0"
44,2026-06-22 20:27:51.516+00,Mo7BmDwpAW,10Mbit_Fortnite,Fortnite,10,5,synth,real,videos/10Mbit_Loss0_interpolated_frames_rife_1280_720_Fortnite.mp4,videos/10Mbit_Loss0_Fortnite.mp4,4,4,Video A,false,1.0.1781903019,b615bb70072a145b,"Mozilla/5.0 (Windows NT 10.0; Win64; x64) AppleWebKit/537.36 (KHTML, like Gecko) Chrome/149.0.0.0 Safari/537.36 Edg/149.0.0.0"
45,2026-06-22 20:28:16.808+00,Mo7BmDwpAW,6Mbit_Forza,Forza,6,6,real,synth,videos/6Mbit_Loss0_Forza.mp4,videos/6Mbit_Loss0_interpolated_frames_rife_1280_720_Forza.mp4,4,4,Video B,false,1.0.1781903019,b615bb70072a145b,"Mozilla/5.0 (Windows NT 10.0; Win64; x64) AppleWebKit/537.36 (KHTML, like Gecko) Chrome/149.0.0.0 Safari/537.36 Edg/149.0.0.0"
46,2026-06-22 20:28:34.321+00,Mo7BmDwpAW,8Mbit_Forza,Forza,8,7,real,synth,videos/8Mbit_Loss0_Forza.mp4,videos/8Mbit_Loss0_interpolated_frames_rife_1280_720_Forza.mp4,4,4,None,false,1.0.1781903019,b615bb70072a145b,"Mozilla/5.0 (Windows NT 10.0; Win64; x64) AppleWebKit/537.36 (KHTML, like Gecko) Chrome/149.0.0.0 Safari/537.36 Edg/149.0.0.0"
47,2026-06-22 20:32:44.118+00,Mo7BmDwpAW,6Mbit_Fortnite,Fortnite,6,8,real,synth,videos/6Mbit_Loss0_Fortnite.mp4,videos/6Mbit_Loss0_interpolated_frames_rife_1280_720_Fortnite.mp4,3,3,Video A,true,1.0.1781903019,b615bb70072a145b,"Mozilla/5.0 (Windows NT 10.0; Win64; x64) AppleWebKit/537.36 (KHTML, like Gecko) Chrome/149.0.0.0 Safari/537.36 Edg/149.0.0.0"
48,2026-06-22 20:35:33.6+00,Mo7BmDwpAW,10Mbit_Forza,Forza,10,9,real,synth,videos/10Mbit_Loss0_Forza.mp4,videos/10Mbit_Loss0_interpolated_frames_rife_1280_720_Forza.mp4,4,4,Video A,true,1.0.1781903019,b615bb70072a145b,"Mozilla/5.0 (Windows NT 10.0; Win64; x64) AppleWebKit/537.36 (KHTML, like Gecko) Chrome/149.0.0.0 Safari/537.36 Edg/149.0.0.0"
49,2026-06-22 20:35:51.456+00,Mo7BmDwpAW,8Mbit_Kombat,Kombat,8,10,real,synth,videos/8Mbit_Loss0_Kombat.mp4,videos/8Mbit_Loss0_interpolated_frames_rife_1280_720_Kombat.mp4,3,3,Video A,true,1.0.1781903019,b615bb70072a145b,"Mozilla/5.0 (Windows NT 10.0; Win64; x64) AppleWebKit/537.36 (KHTML, like Gecko) Chrome/149.0.0.0 Safari/537.36 Edg/149.0.0.0"
50,2026-06-22 20:36:25.328+00,Mo7BmDwpAW,2Mbit_Kombat,Kombat,2,11,real,synth,videos/2Mbit_Loss0_Kombat.mp4,videos/2Mbit_Loss0_interpolated_frames_rife_1280_720_Kombat.mp4,1,1,Video A,true,1.0.1781903019,b615bb70072a145b,"Mozilla/5.0 (Windows NT 10.0; Win64; x64) AppleWebKit/537.36 (KHTML, like Gecko) Chrome/149.0.0.0 Safari/537.36 Edg/149.0.0.0"
51,2026-06-22 20:36:39.834+00,Mo7BmDwpAW,8Mbit_Fortnite,Fortnite,8,12,real,synth,videos/8Mbit_Loss0_Fortnite.mp4,videos/8Mbit_Loss0_interpolated_frames_rife_1280_720_Fortnite.mp4,2,2,Video A,true,1.0.1781903019,b615bb70072a145b,"Mozilla/5.0 (Windows NT 10.0; Win64; x64) AppleWebKit/537.36 (KHTML, like Gecko) Chrome/149.0.0.0 Safari/537.36 Edg/149.0.0.0"
52,2026-06-22 20:38:23.033+00,Mo7BmDwpAW,4Mbit_Forza,Forza,4,13,real,synth,videos/4Mbit_Loss0_Forza.mp4,videos/4Mbit_Loss0_interpolated_frames_rife_1280_720_Forza.mp4,3,3,Video B,false,1.0.1781903019,b615bb70072a145b,"Mozilla/5.0 (Windows NT 10.0; Win64; x64) AppleWebKit/537.36 (KHTML, like Gecko) Chrome/149.0.0.0 Safari/537.36 Edg/149.0.0.0"
53,2026-06-22 20:38:42.152+00,Mo7BmDwpAW,4Mbit_Fortnite,Fortnite,4,14,real,synth,videos/4Mbit_Loss0_Fortnite.mp4,videos/4Mbit_Loss0_interpolated_frames_rife_1280_720_Fortnite.mp4,2,2,Video A,true,1.0.1781903019,b615bb70072a145b,"Mozilla/5.0 (Windows NT 10.0; Win64; x64) AppleWebKit/537.36 (KHTML, like Gecko) Chrome/149.0.0.0 Safari/537.36 Edg/149.0.0.0"
54,2026-06-23 17:17:18.422+00,qOFcv3WSQY,8Mbit_Fortnite,Fortnite,8,0,real,synth,videos/8Mbit_Loss0_Fortnite.mp4,videos/8Mbit_Loss0_interpolated_frames_rife_1280_720_Fortnite.mp4,4,4,Both,false,1.0.1781903019,b615bb70072a145b,"Mozilla/5.0 (X11; Linux x86_64) AppleWebKit/537.36 (KHTML, like Gecko) Chrome/149.0.0.0 Safari/537.36"
55,2026-06-23 17:17:49.21+00,qOFcv3WSQY,8Mbit_Forza,Forza,8,1,synth,real,videos/8Mbit_Loss0_interpolated_frames_rife_1280_720_Forza.mp4,videos/8Mbit_Loss0_Forza.mp4,5,4,Video A,false,1.0.1781903019,b615bb70072a145b,"Mozilla/5.0 (X11; Linux x86_64) AppleWebKit/537.36 (KHTML, like Gecko) Chrome/149.0.0.0 Safari/537.36"
56,2026-06-23 17:18:16.593+00,qOFcv3WSQY,6Mbit_Kombat,Kombat,6,2,real,synth,videos/6Mbit_Loss0_Kombat.mp4,videos/6Mbit_Loss0_interpolated_frames_rife_1280_720_Kombat.mp4,5,4,Video A,true,1.0.1781903019,b615bb70072a145b,"Mozilla/5.0 (X11; Linux x86_64) AppleWebKit/537.36 (KHTML, like Gecko) Chrome/149.0.0.0 Safari/537.36"
57,2026-06-23 17:18:50.838+00,qOFcv3WSQY,10Mbit_Forza,Forza,10,3,synth,real,videos/10Mbit_Loss0_interpolated_frames_rife_1280_720_Forza.mp4,videos/10Mbit_Loss0_Forza.mp4,5,4,Video A,false,1.0.1781903019,b615bb70072a145b,"Mozilla/5.0 (X11; Linux x86_64) AppleWebKit/537.36 (KHTML, like Gecko) Chrome/149.0.0.0 Safari/537.36"
58,2026-06-23 17:19:37.062+00,qOFcv3WSQY,8Mbit_Kombat,Kombat,8,4,synth,real,videos/8Mbit_Loss0_interpolated_frames_rife_1280_720_Kombat.mp4,videos/8Mbit_Loss0_Kombat.mp4,3,5,Video B,true,1.0.1781903019,b615bb70072a145b,"Mozilla/5.0 (X11; Linux x86_64) AppleWebKit/537.36 (KHTML, like Gecko) Chrome/149.0.0.0 Safari/537.36"
59,2026-06-23 17:20:25.325+00,qOFcv3WSQY,6Mbit_Forza,Forza,6,5,real,synth,videos/6Mbit_Loss0_Forza.mp4,videos/6Mbit_Loss0_interpolated_frames_rife_1280_720_Forza.mp4,5,3,Video A,true,1.0.1781903019,b615bb70072a145b,"Mozilla/5.0 (X11; Linux x86_64) AppleWebKit/537.36 (KHTML, like Gecko) Chrome/149.0.0.0 Safari/537.36"
60,2026-06-23 17:20:43.678+00,qOFcv3WSQY,10Mbit_Fortnite,Fortnite,10,6,real,synth,videos/10Mbit_Loss0_Fortnite.mp4,videos/10Mbit_Loss0_interpolated_frames_rife_1280_720_Fortnite.mp4,5,3,Video A,true,1.0.1781903019,b615bb70072a145b,"Mozilla/5.0 (X11; Linux x86_64) AppleWebKit/537.36 (KHTML, like Gecko) Chrome/149.0.0.0 Safari/537.36"
61,2026-06-23 17:21:21.794+00,qOFcv3WSQY,10Mbit_Kombat,Kombat,10,7,real,synth,videos/10Mbit_Loss0_Kombat.mp4,videos/10Mbit_Loss0_interpolated_frames_rife_1280_720_Kombat.mp4,5,3,Video A,true,1.0.1781903019,b615bb70072a145b,"Mozilla/5.0 (X11; Linux x86_64) AppleWebKit/537.36 (KHTML, like Gecko) Chrome/149.0.0.0 Safari/537.36"
62,2026-06-23 17:21:39.615+00,qOFcv3WSQY,6Mbit_Fortnite,Fortnite,6,8,real,synth,videos/6Mbit_Loss0_Fortnite.mp4,videos/6Mbit_Loss0_interpolated_frames_rife_1280_720_Fortnite.mp4,4,4,Both,false,1.0.1781903019,b615bb70072a145b,"Mozilla/5.0 (X11; Linux x86_64) AppleWebKit/537.36 (KHTML, like Gecko) Chrome/149.0.0.0 Safari/537.36"
63,2026-06-23 17:22:00.172+00,qOFcv3WSQY,4Mbit_Kombat,Kombat,4,9,real,synth,videos/4Mbit_Loss0_Kombat.mp4,videos/4Mbit_Loss0_interpolated_frames_rife_1280_720_Kombat.mp4,2,2,None,false,1.0.1781903019,b615bb70072a145b,"Mozilla/5.0 (X11; Linux x86_64) AppleWebKit/537.36 (KHTML, like Gecko) Chrome/149.0.0.0 Safari/537.36"
64,2026-06-23 17:22:15.615+00,qOFcv3WSQY,2Mbit_Kombat,Kombat,2,10,real,synth,videos/2Mbit_Loss0_Kombat.mp4,videos/2Mbit_Loss0_interpolated_frames_rife_1280_720_Kombat.mp4,3,3,None,false,1.0.1781903019,b615bb70072a145b,"Mozilla/5.0 (X11; Linux x86_64) AppleWebKit/537.36 (KHTML, like Gecko) Chrome/149.0.0.0 Safari/537.36"
65,2026-06-23 17:22:47.198+00,qOFcv3WSQY,4Mbit_Fortnite,Fortnite,4,11,real,synth,videos/4Mbit_Loss0_Fortnite.mp4,videos/4Mbit_Loss0_interpolated_frames_rife_1280_720_Fortnite.mp4,3,3,Both,false,1.0.1781903019,b615bb70072a145b,"Mozilla/5.0 (X11; Linux x86_64) AppleWebKit/537.36 (KHTML, like Gecko) Chrome/149.0.0.0 Safari/537.36"
66,2026-06-23 17:23:05.191+00,qOFcv3WSQY,2Mbit_Forza,Forza,2,12,synth,real,videos/2Mbit_Loss0_interpolated_frames_rife_1280_720_Forza.mp4,videos/2Mbit_Loss0_Forza.mp4,4,4,Video B,true,1.0.1781903019,b615bb70072a145b,"Mozilla/5.0 (X11; Linux x86_64) AppleWebKit/537.36 (KHTML, like Gecko) Chrome/149.0.0.0 Safari/537.36"
67,2026-06-23 17:23:19.696+00,qOFcv3WSQY,4Mbit_Forza,Forza,4,13,synth,real,videos/4Mbit_Loss0_interpolated_frames_rife_1280_720_Forza.mp4,videos/4Mbit_Loss0_Forza.mp4,3,3,None,false,1.0.1781903019,b615bb70072a145b,"Mozilla/5.0 (X11; Linux x86_64) AppleWebKit/537.36 (KHTML, like Gecko) Chrome/149.0.0.0 Safari/537.36"
68,2026-06-23 17:23:40.966+00,qOFcv3WSQY,2Mbit_Fortnite,Fortnite,2,14,synth,real,videos/2Mbit_Loss0_interpolated_frames_rife_1280_720_Fortnite.mp4,videos/2Mbit_Loss0_Fortnite.mp4,3,3,Both,false,1.0.1781903019,b615bb70072a145b,"Mozilla/5.0 (X11; Linux x86_64) AppleWebKit/537.36 (KHTML, like Gecko) Chrome/149.0.0.0 Safari/537.36"
69,2026-06-25 13:26:15.2+00,sD4LR57GH4,10Mbit_Fortnite,Fortnite,10,0,synth,real,videos/10Mbit_Loss0_interpolated_frames_rife_1280_720_Fortnite.mp4,videos/10Mbit_Loss0_Fortnite.mp4,4,5,Video B,true,1.0.1781903019,b615bb70072a145b,"Mozilla/5.0 (Windows NT 10.0; Win64; x64) AppleWebKit/537.36 (KHTML, like Gecko) Chrome/149.0.0.0 Safari/537.36 Edg/149.0.0.0"
70,2026-06-25 13:26:56.056+00,sD4LR57GH4,8Mbit_Kombat,Kombat,8,1,real,synth,videos/8Mbit_Loss0_Kombat.mp4,videos/8Mbit_Loss0_interpolated_frames_rife_1280_720_Kombat.mp4,5,5,Both,false,1.0.1781903019,b615bb70072a145b,"Mozilla/5.0 (Windows NT 10.0; Win64; x64) AppleWebKit/537.36 (KHTML, like Gecko) Chrome/149.0.0.0 Safari/537.36 Edg/149.0.0.0"
71,2026-06-25 13:27:36.257+00,sD4LR57GH4,4Mbit_Fortnite,Fortnite,4,2,synth,real,videos/4Mbit_Loss0_interpolated_frames_rife_1280_720_Fortnite.mp4,videos/4Mbit_Loss0_Fortnite.mp4,5,5,Both,false,1.0.1781903019,b615bb70072a145b,"Mozilla/5.0 (Windows NT 10.0; Win64; x64) AppleWebKit/537.36 (KHTML, like Gecko) Chrome/149.0.0.0 Safari/537.36 Edg/149.0.0.0"
72,2026-06-25 13:27:41.057+00,sD4LR57GH4,8Mbit_Forza,Forza,8,3,synth,real,videos/8Mbit_Loss0_interpolated_frames_rife_1280_720_Forza.mp4,videos/8Mbit_Loss0_Forza.mp4,5,5,Both,false,1.0.1781903019,b615bb70072a145b,"Mozilla/5.0 (Windows NT 10.0; Win64; x64) AppleWebKit/537.36 (KHTML, like Gecko) Chrome/149.0.0.0 Safari/537.36 Edg/149.0.0.0"
73,2026-06-25 13:27:49.186+00,sD4LR57GH4,10Mbit_Kombat,Kombat,10,4,synth,real,videos/10Mbit_Loss0_interpolated_frames_rife_1280_720_Kombat.mp4,videos/10Mbit_Loss0_Kombat.mp4,5,5,Both,false,1.0.1781903019,b615bb70072a145b,"Mozilla/5.0 (Windows NT 10.0; Win64; x64) AppleWebKit/537.36 (KHTML, like Gecko) Chrome/149.0.0.0 Safari/537.36 Edg/149.0.0.0"
74,2026-06-25 13:27:53.042+00,sD4LR57GH4,2Mbit_Fortnite,Fortnite,2,5,real,synth,videos/2Mbit_Loss0_Fortnite.mp4,videos/2Mbit_Loss0_interpolated_frames_rife_1280_720_Fortnite.mp4,5,5,Both,false,1.0.1781903019,b615bb70072a145b,"Mozilla/5.0 (Windows NT 10.0; Win64; x64) AppleWebKit/537.36 (KHTML, like Gecko) Chrome/149.0.0.0 Safari/537.36 Edg/149.0.0.0"
75,2026-06-25 13:27:56.866+00,sD4LR57GH4,8Mbit_Fortnite,Fortnite,8,6,real,synth,videos/8Mbit_Loss0_Fortnite.mp4,videos/8Mbit_Loss0_interpolated_frames_rife_1280_720_Fortnite.mp4,5,5,Both,false,1.0.1781903019,b615bb70072a145b,"Mozilla/5.0 (Windows NT 10.0; Win64; x64) AppleWebKit/537.36 (KHTML, like Gecko) Chrome/149.0.0.0 Safari/537.36 Edg/149.0.0.0"
76,2026-06-25 13:28:00.442+00,sD4LR57GH4,4Mbit_Kombat,Kombat,4,7,synth,real,videos/4Mbit_Loss0_interpolated_frames_rife_1280_720_Kombat.mp4,videos/4Mbit_Loss0_Kombat.mp4,5,5,Both,false,1.0.1781903019,b615bb70072a145b,"Mozilla/5.0 (Windows NT 10.0; Win64; x64) AppleWebKit/537.36 (KHTML, like Gecko) Chrome/149.0.0.0 Safari/537.36 Edg/149.0.0.0"
77,2026-06-25 13:28:08.114+00,sD4LR57GH4,6Mbit_Fortnite,Fortnite,6,8,real,synth,videos/6Mbit_Loss0_Fortnite.mp4,videos/6Mbit_Loss0_interpolated_frames_rife_1280_720_Fortnite.mp4,5,5,Both,false,1.0.1781903019,b615bb70072a145b,"Mozilla/5.0 (Windows NT 10.0; Win64; x64) AppleWebKit/537.36 (KHTML, like Gecko) Chrome/149.0.0.0 Safari/537.36 Edg/149.0.0.0"
78,2026-06-25 13:28:26.339+00,sD4LR57GH4,2Mbit_Forza,Forza,2,9,synth,real,videos/2Mbit_Loss0_interpolated_frames_rife_1280_720_Forza.mp4,videos/2Mbit_Loss0_Forza.mp4,4,4,Both,false,1.0.1781903019,b615bb70072a145b,"Mozilla/5.0 (Windows NT 10.0; Win64; x64) AppleWebKit/537.36 (KHTML, like Gecko) Chrome/149.0.0.0 Safari/537.36 Edg/149.0.0.0"
79,2026-06-25 13:28:36.699+00,sD4LR57GH4,2Mbit_Kombat,Kombat,2,10,synth,real,videos/2Mbit_Loss0_interpolated_frames_rife_1280_720_Kombat.mp4,videos/2Mbit_Loss0_Kombat.mp4,4,4,Both,false,1.0.1781903019,b615bb70072a145b,"Mozilla/5.0 (Windows NT 10.0; Win64; x64) AppleWebKit/537.36 (KHTML, like Gecko) Chrome/149.0.0.0 Safari/537.36 Edg/149.0.0.0"
80,2026-06-25 13:28:40.507+00,sD4LR57GH4,10Mbit_Forza,Forza,10,11,real,synth,videos/10Mbit_Loss0_Forza.mp4,videos/10Mbit_Loss0_interpolated_frames_rife_1280_720_Forza.mp4,3,3,Both,false,1.0.1781903019,b615bb70072a145b,"Mozilla/5.0 (Windows NT 10.0; Win64; x64) AppleWebKit/537.36 (KHTML, like Gecko) Chrome/149.0.0.0 Safari/537.36 Edg/149.0.0.0"
81,2026-06-25 13:28:44.307+00,sD4LR57GH4,4Mbit_Forza,Forza,4,12,real,synth,videos/4Mbit_Loss0_Forza.mp4,videos/4Mbit_Loss0_interpolated_frames_rife_1280_720_Forza.mp4,3,3,Both,false,1.0.1781903019,b615bb70072a145b,"Mozilla/5.0 (Windows NT 10.0; Win64; x64) AppleWebKit/537.36 (KHTML, like Gecko) Chrome/149.0.0.0 Safari/537.36 Edg/149.0.0.0"
82,2026-06-25 13:28:49.899+00,sD4LR57GH4,6Mbit_Kombat,Kombat,6,13,synth,real,videos/6Mbit_Loss0_interpolated_frames_rife_1280_720_Kombat.mp4,videos/6Mbit_Loss0_Kombat.mp4,3,3,Both,false,1.0.1781903019,b615bb70072a145b,"Mozilla/5.0 (Windows NT 10.0; Win64; x64) AppleWebKit/537.36 (KHTML, like Gecko) Chrome/149.0.0.0 Safari/537.36 Edg/149.0.0.0"
83,2026-06-25 13:28:54.747+00,sD4LR57GH4,6Mbit_Forza,Forza,6,14,synth,real,videos/6Mbit_Loss0_interpolated_frames_rife_1280_720_Forza.mp4,videos/6Mbit_Loss0_Forza.mp4,3,3,Both,false,1.0.1781903019,b615bb70072a145b,"Mozilla/5.0 (Windows NT 10.0; Win64; x64) AppleWebKit/537.36 (KHTML, like Gecko) Chrome/149.0.0.0 Safari/537.36 Edg/149.0.0.0"
84,2026-06-25 18:20:16.887+00,c8uipzFdtu,4Mbit_Fortnite,Fortnite,4,0,real,synth,videos/4Mbit_Loss0_Fortnite.mp4,videos/4Mbit_Loss0_interpolated_frames_rife_1280_720_Fortnite.mp4,1,1,Video A,true,1.0.1781903019,b615bb70072a145b,"Mozilla/5.0 (Windows NT 10.0; Win64; x64) AppleWebKit/537.36 (KHTML, like Gecko) Chrome/149.0.0.0 Safari/537.36 Edg/149.0.0.0"
85,2026-06-25 18:20:57.294+00,c8uipzFdtu,4Mbit_Kombat,Kombat,4,1,synth,real,videos/4Mbit_Loss0_interpolated_frames_rife_1280_720_Kombat.mp4,videos/4Mbit_Loss0_Kombat.mp4,1,1,None,false,1.0.1781903019,b615bb70072a145b,"Mozilla/5.0 (Windows NT 10.0; Win64; x64) AppleWebKit/537.36 (KHTML, like Gecko) Chrome/149.0.0.0 Safari/537.36 Edg/149.0.0.0"
86,2026-06-25 18:22:53.286+00,c8uipzFdtu,6Mbit_Forza,Forza,6,2,synth,real,videos/6Mbit_Loss0_interpolated_frames_rife_1280_720_Forza.mp4,videos/6Mbit_Loss0_Forza.mp4,1,1,Both,false,1.0.1781903019,b615bb70072a145b,"Mozilla/5.0 (Windows NT 10.0; Win64; x64) AppleWebKit/537.36 (KHTML, like Gecko) Chrome/149.0.0.0 Safari/537.36 Edg/149.0.0.0"
87,2026-06-25 18:23:26.804+00,c8uipzFdtu,2Mbit_Forza,Forza,2,3,synth,real,videos/2Mbit_Loss0_interpolated_frames_rife_1280_720_Forza.mp4,videos/2Mbit_Loss0_Forza.mp4,1,1,Both,false,1.0.1781903019,b615bb70072a145b,"Mozilla/5.0 (Windows NT 10.0; Win64; x64) AppleWebKit/537.36 (KHTML, like Gecko) Chrome/149.0.0.0 Safari/537.36 Edg/149.0.0.0"
88,2026-06-25 18:24:43.143+00,c8uipzFdtu,8Mbit_Forza,Forza,8,4,real,synth,videos/8Mbit_Loss0_Forza.mp4,videos/8Mbit_Loss0_interpolated_frames_rife_1280_720_Forza.mp4,3,3,Both,false,1.0.1781903019,b615bb70072a145b,"Mozilla/5.0 (Windows NT 10.0; Win64; x64) AppleWebKit/537.36 (KHTML, like Gecko) Chrome/149.0.0.0 Safari/537.36 Edg/149.0.0.0"
89,2026-06-25 18:25:20.443+00,c8uipzFdtu,10Mbit_Fortnite,Fortnite,10,5,real,synth,videos/10Mbit_Loss0_Fortnite.mp4,videos/10Mbit_Loss0_interpolated_frames_rife_1280_720_Fortnite.mp4,4,4,Video A,true,1.0.1781903019,b615bb70072a145b,"Mozilla/5.0 (Windows NT 10.0; Win64; x64) AppleWebKit/537.36 (KHTML, like Gecko) Chrome/149.0.0.0 Safari/537.36 Edg/149.0.0.0"
90,2026-06-25 18:26:12.704+00,c8uipzFdtu,8Mbit_Kombat,Kombat,8,6,synth,real,videos/8Mbit_Loss0_interpolated_frames_rife_1280_720_Kombat.mp4,videos/8Mbit_Loss0_Kombat.mp4,2,2,Video B,true,1.0.1781903019,b615bb70072a145b,"Mozilla/5.0 (Windows NT 10.0; Win64; x64) AppleWebKit/537.36 (KHTML, like Gecko) Chrome/149.0.0.0 Safari/537.36 Edg/149.0.0.0"
91,2026-06-25 18:26:38.506+00,c8uipzFdtu,2Mbit_Fortnite,Fortnite,2,7,real,synth,videos/2Mbit_Loss0_Fortnite.mp4,videos/2Mbit_Loss0_interpolated_frames_rife_1280_720_Fortnite.mp4,1,1,None,false,1.0.1781903019,b615bb70072a145b,"Mozilla/5.0 (Windows NT 10.0; Win64; x64) AppleWebKit/537.36 (KHTML, like Gecko) Chrome/149.0.0.0 Safari/537.36 Edg/149.0.0.0"
92,2026-06-25 18:28:24.567+00,c8uipzFdtu,2Mbit_Kombat,Kombat,2,8,synth,real,videos/2Mbit_Loss0_interpolated_frames_rife_1280_720_Kombat.mp4,videos/2Mbit_Loss0_Kombat.mp4,1,1,None,false,1.0.1781903019,b615bb70072a145b,"Mozilla/5.0 (Windows NT 10.0; Win64; x64) AppleWebKit/537.36 (KHTML, like Gecko) Chrome/149.0.0.0 Safari/537.36 Edg/149.0.0.0"
93,2026-06-25 18:30:23.931+00,c8uipzFdtu,4Mbit_Forza,Forza,4,9,real,synth,videos/4Mbit_Loss0_Forza.mp4,videos/4Mbit_Loss0_interpolated_frames_rife_1280_720_Forza.mp4,1,1,Both,false,1.0.1781903019,b615bb70072a145b,"Mozilla/5.0 (Windows NT 10.0; Win64; x64) AppleWebKit/537.36 (KHTML, like Gecko) Chrome/149.0.0.0 Safari/537.36 Edg/149.0.0.0"
94,2026-06-25 18:31:17.105+00,c8uipzFdtu,6Mbit_Kombat,Kombat,6,10,real,synth,videos/6Mbit_Loss0_Kombat.mp4,videos/6Mbit_Loss0_interpolated_frames_rife_1280_720_Kombat.mp4,1,1,None,false,1.0.1781903019,b615bb70072a145b,"Mozilla/5.0 (Windows NT 10.0; Win64; x64) AppleWebKit/537.36 (KHTML, like Gecko) Chrome/149.0.0.0 Safari/537.36 Edg/149.0.0.0"
95,2026-06-25 18:32:08.708+00,c8uipzFdtu,6Mbit_Fortnite,Fortnite,6,11,real,synth,videos/6Mbit_Loss0_Fortnite.mp4,videos/6Mbit_Loss0_interpolated_frames_rife_1280_720_Fortnite.mp4,3,3,Video A,true,1.0.1781903019,b615bb70072a145b,"Mozilla/5.0 (Windows NT 10.0; Win64; x64) AppleWebKit/537.36 (KHTML, like Gecko) Chrome/149.0.0.0 Safari/537.36 Edg/149.0.0.0"
96,2026-06-25 18:33:02.5+00,c8uipzFdtu,10Mbit_Kombat,Kombat,10,12,real,synth,videos/10Mbit_Loss0_Kombat.mp4,videos/10Mbit_Loss0_interpolated_frames_rife_1280_720_Kombat.mp4,3,3,Video A,true,1.0.1781903019,b615bb70072a145b,"Mozilla/5.0 (Windows NT 10.0; Win64; x64) AppleWebKit/537.36 (KHTML, like Gecko) Chrome/149.0.0.0 Safari/537.36 Edg/149.0.0.0"
97,2026-06-25 18:33:56.602+00,c8uipzFdtu,10Mbit_Forza,Forza,10,13,real,synth,videos/10Mbit_Loss0_Forza.mp4,videos/10Mbit_Loss0_interpolated_frames_rife_1280_720_Forza.mp4,3,3,Both,false,1.0.1781903019,b615bb70072a145b,"Mozilla/5.0 (Windows NT 10.0; Win64; x64) AppleWebKit/537.36 (KHTML, like Gecko) Chrome/149.0.0.0 Safari/537.36 Edg/149.0.0.0"
98,2026-06-25 18:34:39.103+00,c8uipzFdtu,8Mbit_Fortnite,Fortnite,8,14,synth,real,videos/8Mbit_Loss0_interpolated_frames_rife_1280_720_Fortnite.mp4,videos/8Mbit_Loss0_Fortnite.mp4,3,3,Video B,true,1.0.1781903019,b615bb70072a145b,"Mozilla/5.0 (Windows NT 10.0; Win64; x64) AppleWebKit/537.36 (KHTML, like Gecko) Chrome/149.0.0.0 Safari/537.36 Edg/149.0.0.0"
99,2026-06-26 00:08:00.906+00,azKthTtdFf,2Mbit_Kombat,Kombat,2,0,synth,real,videos/2Mbit_Loss0_interpolated_frames_rife_1280_720_Kombat.mp4,videos/2Mbit_Loss0_Kombat.mp4,1,1,None,false,1.0.1781903019,b615bb70072a145b,"Mozilla/5.0 (Linux; Android 10; K) AppleWebKit/537.36 (KHTML, like Gecko) SamsungBrowser/30.0 Chrome/143.0.0.0 Mobile Safari/537.36"
100,2026-06-26 00:08:35.563+00,azKthTtdFf,10Mbit_Forza,Forza,10,1,synth,real,videos/10Mbit_Loss0_interpolated_frames_rife_1280_720_Forza.mp4,videos/10Mbit_Loss0_Forza.mp4,3,3,None,false,1.0.1781903019,b615bb70072a145b,"Mozilla/5.0 (Linux; Android 10; K) AppleWebKit/537.36 (KHTML, like Gecko) SamsungBrowser/30.0 Chrome/143.0.0.0 Mobile Safari/537.36"
101,2026-06-26 00:09:21.903+00,azKthTtdFf,4Mbit_Forza,Forza,4,2,synth,real,videos/4Mbit_Loss0_interpolated_frames_rife_1280_720_Forza.mp4,videos/4Mbit_Loss0_Forza.mp4,2,2,None,false,1.0.1781903019,b615bb70072a145b,"Mozilla/5.0 (Linux; Android 10; K) AppleWebKit/537.36 (KHTML, like Gecko) SamsungBrowser/30.0 Chrome/143.0.0.0 Mobile Safari/537.36"
102,2026-06-26 00:10:10.888+00,azKthTtdFf,2Mbit_Fortnite,Fortnite,2,3,synth,real,videos/2Mbit_Loss0_interpolated_frames_rife_1280_720_Fortnite.mp4,videos/2Mbit_Loss0_Fortnite.mp4,1,1,Both,false,1.0.1781903019,b615bb70072a145b,"Mozilla/5.0 (Linux; Android 10; K) AppleWebKit/537.36 (KHTML, like Gecko) SamsungBrowser/30.0 Chrome/143.0.0.0 Mobile Safari/537.36"
103,2026-06-26 00:11:40.338+00,azKthTtdFf,4Mbit_Fortnite,Fortnite,4,4,real,synth,videos/4Mbit_Loss0_Fortnite.mp4,videos/4Mbit_Loss0_interpolated_frames_rife_1280_720_Fortnite.mp4,4,4,None,false,1.0.1781903019,b615bb70072a145b,"Mozilla/5.0 (Linux; Android 10; K) AppleWebKit/537.36 (KHTML, like Gecko) SamsungBrowser/30.0 Chrome/143.0.0.0 Mobile Safari/537.36"
104,2026-06-26 00:12:23.675+00,azKthTtdFf,6Mbit_Forza,Forza,6,5,synth,real,videos/6Mbit_Loss0_interpolated_frames_rife_1280_720_Forza.mp4,videos/6Mbit_Loss0_Forza.mp4,3,2,None,false,1.0.1781903019,b615bb70072a145b,"Mozilla/5.0 (Linux; Android 10; K) AppleWebKit/537.36 (KHTML, like Gecko) SamsungBrowser/30.0 Chrome/143.0.0.0 Mobile Safari/537.36"
105,2026-06-26 00:12:47.85+00,azKthTtdFf,2Mbit_Forza,Forza,2,6,synth,real,videos/2Mbit_Loss0_interpolated_frames_rife_1280_720_Forza.mp4,videos/2Mbit_Loss0_Forza.mp4,1,1,None,false,1.0.1781903019,b615bb70072a145b,"Mozilla/5.0 (Linux; Android 10; K) AppleWebKit/537.36 (KHTML, like Gecko) SamsungBrowser/30.0 Chrome/143.0.0.0 Mobile Safari/537.36"
106,2026-06-26 00:13:15.871+00,azKthTtdFf,8Mbit_Kombat,Kombat,8,7,real,synth,videos/8Mbit_Loss0_Kombat.mp4,videos/8Mbit_Loss0_interpolated_frames_rife_1280_720_Kombat.mp4,3,3,None,false,1.0.1781903019,b615bb70072a145b,"Mozilla/5.0 (Linux; Android 10; K) AppleWebKit/537.36 (KHTML, like Gecko) SamsungBrowser/30.0 Chrome/143.0.0.0 Mobile Safari/537.36"
107,2026-06-26 00:14:46.173+00,azKthTtdFf,8Mbit_Fortnite,Fortnite,8,8,synth,real,videos/8Mbit_Loss0_interpolated_frames_rife_1280_720_Fortnite.mp4,videos/8Mbit_Loss0_Fortnite.mp4,5,5,Video A,false,1.0.1781903019,b615bb70072a145b,"Mozilla/5.0 (Linux; Android 10; K) AppleWebKit/537.36 (KHTML, like Gecko) SamsungBrowser/30.0 Chrome/143.0.0.0 Mobile Safari/537.36"
108,2026-06-26 00:15:52.996+00,azKthTtdFf,6Mbit_Kombat,Kombat,6,9,real,synth,videos/6Mbit_Loss0_Kombat.mp4,videos/6Mbit_Loss0_interpolated_frames_rife_1280_720_Kombat.mp4,3,3,Video B,false,1.0.1781903019,b615bb70072a145b,"Mozilla/5.0 (Linux; Android 10; K) AppleWebKit/537.36 (KHTML, like Gecko) SamsungBrowser/30.0 Chrome/143.0.0.0 Mobile Safari/537.36"
109,2026-06-26 00:16:27.306+00,azKthTtdFf,6Mbit_Fortnite,Fortnite,6,10,real,synth,videos/6Mbit_Loss0_Fortnite.mp4,videos/6Mbit_Loss0_interpolated_frames_rife_1280_720_Fortnite.mp4,4,3,Video A,true,1.0.1781903019,b615bb70072a145b,"Mozilla/5.0 (Linux; Android 10; K) AppleWebKit/537.36 (KHTML, like Gecko) SamsungBrowser/30.0 Chrome/143.0.0.0 Mobile Safari/537.36"
110,2026-06-26 00:16:52.827+00,azKthTtdFf,4Mbit_Kombat,Kombat,4,11,real,synth,videos/4Mbit_Loss0_Kombat.mp4,videos/4Mbit_Loss0_interpolated_frames_rife_1280_720_Kombat.mp4,1,1,None,false,1.0.1781903019,b615bb70072a145b,"Mozilla/5.0 (Linux; Android 10; K) AppleWebKit/537.36 (KHTML, like Gecko) SamsungBrowser/30.0 Chrome/143.0.0.0 Mobile Safari/537.36"
111,2026-06-26 00:17:27.947+00,azKthTtdFf,10Mbit_Kombat,Kombat,10,12,synth,real,videos/10Mbit_Loss0_interpolated_frames_rife_1280_720_Kombat.mp4,videos/10Mbit_Loss0_Kombat.mp4,4,4,Both,false,1.0.1781903019,b615bb70072a145b,"Mozilla/5.0 (Linux; Android 10; K) AppleWebKit/537.36 (KHTML, like Gecko) SamsungBrowser/30.0 Chrome/143.0.0.0 Mobile Safari/537.36"
112,2026-06-26 00:18:07.378+00,azKthTtdFf,8Mbit_Forza,Forza,8,13,real,synth,videos/8Mbit_Loss0_Forza.mp4,videos/8Mbit_Loss0_interpolated_frames_rife_1280_720_Forza.mp4,3,3,Video A,true,1.0.1781903019,b615bb70072a145b,"Mozilla/5.0 (Linux; Android 10; K) AppleWebKit/537.36 (KHTML, like Gecko) SamsungBrowser/30.0 Chrome/143.0.0.0 Mobile Safari/537.36"
113,2026-06-26 00:18:36.656+00,azKthTtdFf,10Mbit_Fortnite,Fortnite,10,14,synth,real,videos/10Mbit_Loss0_interpolated_frames_rife_1280_720_Fortnite.mp4,videos/10Mbit_Loss0_Fortnite.mp4,5,5,Both,false,1.0.1781903019,b615bb70072a145b,"Mozilla/5.0 (Linux; Android 10; K) AppleWebKit/537.36 (KHTML, like Gecko) SamsungBrowser/30.0 Chrome/143.0.0.0 Mobile Safari/537.36"
114,2026-06-26 01:08:02.027+00,BV2al1hQgp,2Mbit_Forza,Forza,2,3,real,synth,videos/2Mbit_Loss0_Forza.mp4,videos/2Mbit_Loss0_interpolated_frames_rife_1280_720_Forza.mp4,3,4,None,false,1.0.1781903019,b615bb70072a145b,"Mozilla/5.0 (X11; Linux x86_64) AppleWebKit/537.36 (KHTML, like Gecko) Chrome/146.0.0.0 Safari/537.36"
115,2026-06-26 01:08:59.019+00,BV2al1hQgp,2Mbit_Fortnite,Fortnite,2,4,synth,real,videos/2Mbit_Loss0_interpolated_frames_rife_1280_720_Fortnite.mp4,videos/2Mbit_Loss0_Fortnite.mp4,3,5,Video B,true,1.0.1781903019,b615bb70072a145b,"Mozilla/5.0 (X11; Linux x86_64) AppleWebKit/537.36 (KHTML, like Gecko) Chrome/146.0.0.0 Safari/537.36"
116,2026-06-26 01:09:44.864+00,BV2al1hQgp,8Mbit_Kombat,Kombat,8,6,synth,real,videos/8Mbit_Loss0_interpolated_frames_rife_1280_720_Kombat.mp4,videos/8Mbit_Loss0_Kombat.mp4,4,5,Video B,true,1.0.1781903019,b615bb70072a145b,"Mozilla/5.0 (X11; Linux x86_64) AppleWebKit/537.36 (KHTML, like Gecko) Chrome/146.0.0.0 Safari/537.36"
117,2026-06-26 01:10:45.688+00,BV2al1hQgp,6Mbit_Fortnite,Fortnite,6,7,real,synth,videos/6Mbit_Loss0_Fortnite.mp4,videos/6Mbit_Loss0_interpolated_frames_rife_1280_720_Fortnite.mp4,5,4,Video B,false,1.0.1781903019,b615bb70072a145b,"Mozilla/5.0 (X11; Linux x86_64) AppleWebKit/537.36 (KHTML, like Gecko) Chrome/146.0.0.0 Safari/537.36"
118,2026-06-26 01:11:27.896+00,BV2al1hQgp,6Mbit_Kombat,Kombat,6,8,real,synth,videos/6Mbit_Loss0_Kombat.mp4,videos/6Mbit_Loss0_interpolated_frames_rife_1280_720_Kombat.mp4,4,5,Video A,true,1.0.1781903019,b615bb70072a145b,"Mozilla/5.0 (X11; Linux x86_64) AppleWebKit/537.36 (KHTML, like Gecko) Chrome/146.0.0.0 Safari/537.36"
119,2026-06-26 01:12:29.156+00,BV2al1hQgp,10Mbit_Fortnite,Fortnite,10,9,synth,real,videos/10Mbit_Loss0_interpolated_frames_rife_1280_720_Fortnite.mp4,videos/10Mbit_Loss0_Fortnite.mp4,5,4,Video B,true,1.0.1781903019,b615bb70072a145b,"Mozilla/5.0 (X11; Linux x86_64) AppleWebKit/537.36 (KHTML, like Gecko) Chrome/146.0.0.0 Safari/537.36"
120,2026-06-26 01:12:48.106+00,BV2al1hQgp,10Mbit_Forza,Forza,10,10,synth,real,videos/10Mbit_Loss0_interpolated_frames_rife_1280_720_Forza.mp4,videos/10Mbit_Loss0_Forza.mp4,4,5,Video B,true,1.0.1781903019,b615bb70072a145b,"Mozilla/5.0 (X11; Linux x86_64) AppleWebKit/537.36 (KHTML, like Gecko) Chrome/146.0.0.0 Safari/537.36"
121,2026-06-26 01:13:13.613+00,BV2al1hQgp,10Mbit_Kombat,Kombat,10,11,real,synth,videos/10Mbit_Loss0_Kombat.mp4,videos/10Mbit_Loss0_interpolated_frames_rife_1280_720_Kombat.mp4,4,5,Video B,false,1.0.1781903019,b615bb70072a145b,"Mozilla/5.0 (X11; Linux x86_64) AppleWebKit/537.36 (KHTML, like Gecko) Chrome/146.0.0.0 Safari/537.36"
122,2026-06-26 01:14:08.467+00,BV2al1hQgp,6Mbit_Forza,Forza,6,12,real,synth,videos/6Mbit_Loss0_Forza.mp4,videos/6Mbit_Loss0_interpolated_frames_rife_1280_720_Forza.mp4,4,5,Video A,true,1.0.1781903019,b615bb70072a145b,"Mozilla/5.0 (X11; Linux x86_64) AppleWebKit/537.36 (KHTML, like Gecko) Chrome/146.0.0.0 Safari/537.36"
123,2026-06-26 01:14:37.281+00,BV2al1hQgp,8Mbit_Forza,Forza,8,14,real,synth,videos/8Mbit_Loss0_Forza.mp4,videos/8Mbit_Loss0_interpolated_frames_rife_1280_720_Forza.mp4,4,5,Video A,true,1.0.1781903019,b615bb70072a145b,"Mozilla/5.0 (X11; Linux x86_64) AppleWebKit/537.36 (KHTML, like Gecko) Chrome/146.0.0.0 Safari/537.36"
124,2026-06-26 15:29:18.309+00,dFZiUG0PNM,10Mbit_Forza,Forza,10,0,real,synth,videos/10Mbit_Loss0_Forza.mp4,videos/10Mbit_Loss0_interpolated_frames_rife_1280_720_Forza.mp4,2,3,Both,false,1.0.1781903019,b615bb70072a145b,"Mozilla/5.0 (X11; Linux x86_64) AppleWebKit/537.36 (KHTML, like Gecko) Chrome/148.0.0.0 Safari/537.36"
125,2026-06-26 15:30:00.296+00,dFZiUG0PNM,6Mbit_Forza,Forza,6,1,real,synth,videos/6Mbit_Loss0_Forza.mp4,videos/6Mbit_Loss0_interpolated_frames_rife_1280_720_Forza.mp4,3,2,Video A,true,1.0.1781903019,b615bb70072a145b,"Mozilla/5.0 (X11; Linux x86_64) AppleWebKit/537.36 (KHTML, like Gecko) Chrome/148.0.0.0 Safari/537.36"
126,2026-06-26 15:31:06.25+00,dFZiUG0PNM,8Mbit_Fortnite,Fortnite,8,2,real,synth,videos/8Mbit_Loss0_Fortnite.mp4,videos/8Mbit_Loss0_interpolated_frames_rife_1280_720_Fortnite.mp4,4,3,Both,false,1.0.1781903019,b615bb70072a145b,"Mozilla/5.0 (X11; Linux x86_64) AppleWebKit/537.36 (KHTML, like Gecko) Chrome/148.0.0.0 Safari/537.36"
127,2026-06-26 15:31:27.84+00,dFZiUG0PNM,8Mbit_Kombat,Kombat,8,3,synth,real,videos/8Mbit_Loss0_interpolated_frames_rife_1280_720_Kombat.mp4,videos/8Mbit_Loss0_Kombat.mp4,2,3,Video B,true,1.0.1781903019,b615bb70072a145b,"Mozilla/5.0 (X11; Linux x86_64) AppleWebKit/537.36 (KHTML, like Gecko) Chrome/148.0.0.0 Safari/537.36"
128,2026-06-26 15:32:01.775+00,dFZiUG0PNM,8Mbit_Forza,Forza,8,4,synth,real,videos/8Mbit_Loss0_interpolated_frames_rife_1280_720_Forza.mp4,videos/8Mbit_Loss0_Forza.mp4,3,4,Both,false,1.0.1781903019,b615bb70072a145b,"Mozilla/5.0 (X11; Linux x86_64) AppleWebKit/537.36 (KHTML, like Gecko) Chrome/148.0.0.0 Safari/537.36"
129,2026-06-26 15:32:31.873+00,dFZiUG0PNM,2Mbit_Fortnite,Fortnite,2,5,real,synth,videos/2Mbit_Loss0_Fortnite.mp4,videos/2Mbit_Loss0_interpolated_frames_rife_1280_720_Fortnite.mp4,1,1,Video A,true,1.0.1781903019,b615bb70072a145b,"Mozilla/5.0 (X11; Linux x86_64) AppleWebKit/537.36 (KHTML, like Gecko) Chrome/148.0.0.0 Safari/537.36"
130,2026-06-26 15:32:51.289+00,dFZiUG0PNM,10Mbit_Fortnite,Fortnite,10,6,real,synth,videos/10Mbit_Loss0_Fortnite.mp4,videos/10Mbit_Loss0_interpolated_frames_rife_1280_720_Fortnite.mp4,5,5,Video A,true,1.0.1781903019,b615bb70072a145b,"Mozilla/5.0 (X11; Linux x86_64) AppleWebKit/537.36 (KHTML, like Gecko) Chrome/148.0.0.0 Safari/537.36"
131,2026-06-26 15:33:08.527+00,dFZiUG0PNM,10Mbit_Kombat,Kombat,10,7,real,synth,videos/10Mbit_Loss0_Kombat.mp4,videos/10Mbit_Loss0_interpolated_frames_rife_1280_720_Kombat.mp4,3,3,Video A,true,1.0.1781903019,b615bb70072a145b,"Mozilla/5.0 (X11; Linux x86_64) AppleWebKit/537.36 (KHTML, like Gecko) Chrome/148.0.0.0 Safari/537.36"
132,2026-06-26 15:33:22.811+00,dFZiUG0PNM,6Mbit_Kombat,Kombat,6,8,real,synth,videos/6Mbit_Loss0_Kombat.mp4,videos/6Mbit_Loss0_interpolated_frames_rife_1280_720_Kombat.mp4,3,3,Video A,true,1.0.1781903019,b615bb70072a145b,"Mozilla/5.0 (X11; Linux x86_64) AppleWebKit/537.36 (KHTML, like Gecko) Chrome/148.0.0.0 Safari/537.36"
133,2026-06-26 15:33:58.851+00,dFZiUG0PNM,4Mbit_Forza,Forza,4,9,real,synth,videos/4Mbit_Loss0_Forza.mp4,videos/4Mbit_Loss0_interpolated_frames_rife_1280_720_Forza.mp4,3,3,Video A,true,1.0.1781903019,b615bb70072a145b,"Mozilla/5.0 (X11; Linux x86_64) AppleWebKit/537.36 (KHTML, like Gecko) Chrome/148.0.0.0 Safari/537.36"
134,2026-06-26 15:34:10.885+00,dFZiUG0PNM,2Mbit_Forza,Forza,2,10,synth,real,videos/2Mbit_Loss0_interpolated_frames_rife_1280_720_Forza.mp4,videos/2Mbit_Loss0_Forza.mp4,1,1,Both,false,1.0.1781903019,b615bb70072a145b,"Mozilla/5.0 (X11; Linux x86_64) AppleWebKit/537.36 (KHTML, like Gecko) Chrome/148.0.0.0 Safari/537.36"
135,2026-06-26 15:34:26.76+00,dFZiUG0PNM,4Mbit_Kombat,Kombat,4,11,synth,real,videos/4Mbit_Loss0_interpolated_frames_rife_1280_720_Kombat.mp4,videos/4Mbit_Loss0_Kombat.mp4,2,2,Video B,true,1.0.1781903019,b615bb70072a145b,"Mozilla/5.0 (X11; Linux x86_64) AppleWebKit/537.36 (KHTML, like Gecko) Chrome/148.0.0.0 Safari/537.36"
136,2026-06-26 15:34:42.327+00,dFZiUG0PNM,2Mbit_Kombat,Kombat,2,12,real,synth,videos/2Mbit_Loss0_Kombat.mp4,videos/2Mbit_Loss0_interpolated_frames_rife_1280_720_Kombat.mp4,1,1,Video B,false,1.0.1781903019,b615bb70072a145b,"Mozilla/5.0 (X11; Linux x86_64) AppleWebKit/537.36 (KHTML, like Gecko) Chrome/148.0.0.0 Safari/537.36"
137,2026-06-26 15:35:03.287+00,dFZiUG0PNM,4Mbit_Fortnite,Fortnite,4,13,synth,real,videos/4Mbit_Loss0_interpolated_frames_rife_1280_720_Fortnite.mp4,videos/4Mbit_Loss0_Fortnite.mp4,1,2,Video B,true,1.0.1781903019,b615bb70072a145b,"Mozilla/5.0 (X11; Linux x86_64) AppleWebKit/537.36 (KHTML, like Gecko) Chrome/148.0.0.0 Safari/537.36"
138,2026-06-26 15:35:13.462+00,dFZiUG0PNM,6Mbit_Fortnite,Fortnite,6,14,synth,real,videos/6Mbit_Loss0_interpolated_frames_rife_1280_720_Fortnite.mp4,videos/6Mbit_Loss0_Fortnite.mp4,2,3,Video B,true,1.0.1781903019,b615bb70072a145b,"Mozilla/5.0 (X11; Linux x86_64) AppleWebKit/537.36 (KHTML, like Gecko) Chrome/148.0.0.0 Safari/537.36"
139,2026-06-26 15:59:06.745+00,5eiIR9rls0,6Mbit_Forza,Forza,6,0,real,synth,videos/6Mbit_Loss0_Forza.mp4,videos/6Mbit_Loss0_interpolated_frames_rife_1280_720_Forza.mp4,4,4,None,false,1.0.1781903019,b615bb70072a145b,"Mozilla/5.0 (Linux; Android 10; K) AppleWebKit/537.36 (KHTML, like Gecko) Chrome/149.0.0.0 Mobile Safari/537.36"
140,2026-06-26 15:59:24.108+00,5eiIR9rls0,4Mbit_Forza,Forza,4,1,synth,real,videos/4Mbit_Loss0_interpolated_frames_rife_1280_720_Forza.mp4,videos/4Mbit_Loss0_Forza.mp4,3,3,None,false,1.0.1781903019,b615bb70072a145b,"Mozilla/5.0 (Linux; Android 10; K) AppleWebKit/537.36 (KHTML, like Gecko) Chrome/149.0.0.0 Mobile Safari/537.36"
141,2026-06-26 16:00:03.334+00,5eiIR9rls0,4Mbit_Kombat,Kombat,4,2,real,synth,videos/4Mbit_Loss0_Kombat.mp4,videos/4Mbit_Loss0_interpolated_frames_rife_1280_720_Kombat.mp4,4,3,None,false,1.0.1781903019,b615bb70072a145b,"Mozilla/5.0 (Linux; Android 10; K) AppleWebKit/537.36 (KHTML, like Gecko) Chrome/149.0.0.0 Mobile Safari/537.36"
142,2026-06-26 16:00:19.469+00,5eiIR9rls0,8Mbit_Kombat,Kombat,8,3,synth,real,videos/8Mbit_Loss0_interpolated_frames_rife_1280_720_Kombat.mp4,videos/8Mbit_Loss0_Kombat.mp4,4,4,None,false,1.0.1781903019,b615bb70072a145b,"Mozilla/5.0 (Linux; Android 10; K) AppleWebKit/537.36 (KHTML, like Gecko) Chrome/149.0.0.0 Mobile Safari/537.36"
143,2026-06-26 16:00:37.44+00,5eiIR9rls0,10Mbit_Forza,Forza,10,4,real,synth,videos/10Mbit_Loss0_Forza.mp4,videos/10Mbit_Loss0_interpolated_frames_rife_1280_720_Forza.mp4,5,5,None,false,1.0.1781903019,b615bb70072a145b,"Mozilla/5.0 (Linux; Android 10; K) AppleWebKit/537.36 (KHTML, like Gecko) Chrome/149.0.0.0 Mobile Safari/537.36"
144,2026-06-26 16:00:56.409+00,5eiIR9rls0,8Mbit_Forza,Forza,8,5,synth,real,videos/8Mbit_Loss0_interpolated_frames_rife_1280_720_Forza.mp4,videos/8Mbit_Loss0_Forza.mp4,4,4,Both,false,1.0.1781903019,b615bb70072a145b,"Mozilla/5.0 (Linux; Android 10; K) AppleWebKit/537.36 (KHTML, like Gecko) Chrome/149.0.0.0 Mobile Safari/537.36"
145,2026-06-26 16:01:38.646+00,5eiIR9rls0,6Mbit_Kombat,Kombat,6,6,synth,real,videos/6Mbit_Loss0_interpolated_frames_rife_1280_720_Kombat.mp4,videos/6Mbit_Loss0_Kombat.mp4,3,4,Video B,true,1.0.1781903019,b615bb70072a145b,"Mozilla/5.0 (Linux; Android 10; K) AppleWebKit/537.36 (KHTML, like Gecko) Chrome/149.0.0.0 Mobile Safari/537.36"
146,2026-06-26 16:03:04.964+00,5eiIR9rls0,2Mbit_Fortnite,Fortnite,2,7,real,synth,videos/2Mbit_Loss0_Fortnite.mp4,videos/2Mbit_Loss0_interpolated_frames_rife_1280_720_Fortnite.mp4,2,2,Both,false,1.0.1781903019,b615bb70072a145b,"Mozilla/5.0 (Linux; Android 10; K) AppleWebKit/537.36 (KHTML, like Gecko) Chrome/149.0.0.0 Mobile Safari/537.36"
147,2026-06-26 16:03:34.913+00,5eiIR9rls0,4Mbit_Fortnite,Fortnite,4,8,real,synth,videos/4Mbit_Loss0_Fortnite.mp4,videos/4Mbit_Loss0_interpolated_frames_rife_1280_720_Fortnite.mp4,4,3,Video A,true,1.0.1781903019,b615bb70072a145b,"Mozilla/5.0 (Linux; Android 10; K) AppleWebKit/537.36 (KHTML, like Gecko) Chrome/149.0.0.0 Mobile Safari/537.36"
148,2026-06-26 16:03:58.23+00,5eiIR9rls0,10Mbit_Fortnite,Fortnite,10,9,synth,real,videos/10Mbit_Loss0_interpolated_frames_rife_1280_720_Fortnite.mp4,videos/10Mbit_Loss0_Fortnite.mp4,3,3,Video A,false,1.0.1781903019,b615bb70072a145b,"Mozilla/5.0 (Linux; Android 10; K) AppleWebKit/537.36 (KHTML, like Gecko) Chrome/149.0.0.0 Mobile Safari/537.36"
149,2026-06-26 16:04:13.968+00,5eiIR9rls0,6Mbit_Fortnite,Fortnite,6,10,synth,real,videos/6Mbit_Loss0_interpolated_frames_rife_1280_720_Fortnite.mp4,videos/6Mbit_Loss0_Fortnite.mp4,3,3,Video B,true,1.0.1781903019,b615bb70072a145b,"Mozilla/5.0 (Linux; Android 10; K) AppleWebKit/537.36 (KHTML, like Gecko) Chrome/149.0.0.0 Mobile Safari/537.36"
150,2026-06-26 16:04:33.086+00,5eiIR9rls0,10Mbit_Kombat,Kombat,10,11,synth,real,videos/10Mbit_Loss0_interpolated_frames_rife_1280_720_Kombat.mp4,videos/10Mbit_Loss0_Kombat.mp4,4,4,Video B,true,1.0.1781903019,b615bb70072a145b,"Mozilla/5.0 (Linux; Android 10; K) AppleWebKit/537.36 (KHTML, like Gecko) Chrome/149.0.0.0 Mobile Safari/537.36"
151,2026-06-26 16:04:54.007+00,5eiIR9rls0,2Mbit_Kombat,Kombat,2,12,synth,real,videos/2Mbit_Loss0_interpolated_frames_rife_1280_720_Kombat.mp4,videos/2Mbit_Loss0_Kombat.mp4,2,2,Video B,true,1.0.1781903019,b615bb70072a145b,"Mozilla/5.0 (Linux; Android 10; K) AppleWebKit/537.36 (KHTML, like Gecko) Chrome/149.0.0.0 Mobile Safari/537.36"
152,2026-06-26 16:05:13.696+00,5eiIR9rls0,8Mbit_Fortnite,Fortnite,8,13,real,synth,videos/8Mbit_Loss0_Fortnite.mp4,videos/8Mbit_Loss0_interpolated_frames_rife_1280_720_Fortnite.mp4,4,4,Video A,true,1.0.1781903019,b615bb70072a145b,"Mozilla/5.0 (Linux; Android 10; K) AppleWebKit/537.36 (KHTML, like Gecko) Chrome/149.0.0.0 Mobile Safari/537.36"
153,2026-06-26 16:05:30.419+00,5eiIR9rls0,2Mbit_Forza,Forza,2,14,real,synth,videos/2Mbit_Loss0_Forza.mp4,videos/2Mbit_Loss0_interpolated_frames_rife_1280_720_Forza.mp4,2,2,Both,false,1.0.1781903019,b615bb70072a145b,"Mozilla/5.0 (Linux; Android 10; K) AppleWebKit/537.36 (KHTML, like Gecko) Chrome/149.0.0.0 Mobile Safari/537.36"
154,2026-06-26 17:07:06.293+00,m0dTWjZ8R4,4Mbit_Forza,Forza,4,0,synth,real,videos/4Mbit_Loss0_interpolated_frames_rife_1280_720_Forza.mp4,videos/4Mbit_Loss0_Forza.mp4,5,5,Video A,false,1.0.1781903019,b615bb70072a145b,"Mozilla/5.0 (Linux; Android 10; K) AppleWebKit/537.36 (KHTML, like Gecko) SamsungBrowser/30.0 Chrome/143.0.0.0 Mobile Safari/537.36"
155,2026-06-26 17:08:37.939+00,m0dTWjZ8R4,8Mbit_Kombat,Kombat,8,1,real,synth,videos/8Mbit_Loss0_Kombat.mp4,videos/8Mbit_Loss0_interpolated_frames_rife_1280_720_Kombat.mp4,5,5,Video A,true,1.0.1781903019,b615bb70072a145b,"Mozilla/5.0 (Linux; Android 10; K) AppleWebKit/537.36 (KHTML, like Gecko) SamsungBrowser/30.0 Chrome/143.0.0.0 Mobile Safari/537.36"
156,2026-06-26 17:09:20.192+00,m0dTWjZ8R4,4Mbit_Kombat,Kombat,4,2,real,synth,videos/4Mbit_Loss0_Kombat.mp4,videos/4Mbit_Loss0_interpolated_frames_rife_1280_720_Kombat.mp4,5,5,Video A,true,1.0.1781903019,b615bb70072a145b,"Mozilla/5.0 (Linux; Android 10; K) AppleWebKit/537.36 (KHTML, like Gecko) SamsungBrowser/30.0 Chrome/143.0.0.0 Mobile Safari/537.36"
157,2026-06-26 17:10:05.895+00,m0dTWjZ8R4,10Mbit_Fortnite,Fortnite,10,3,real,synth,videos/10Mbit_Loss0_Fortnite.mp4,videos/10Mbit_Loss0_interpolated_frames_rife_1280_720_Fortnite.mp4,5,5,Video A,true,1.0.1781903019,b615bb70072a145b,"Mozilla/5.0 (Linux; Android 10; K) AppleWebKit/537.36 (KHTML, like Gecko) SamsungBrowser/30.0 Chrome/143.0.0.0 Mobile Safari/537.36"
158,2026-06-26 17:11:00.74+00,m0dTWjZ8R4,10Mbit_Forza,Forza,10,4,real,synth,videos/10Mbit_Loss0_Forza.mp4,videos/10Mbit_Loss0_interpolated_frames_rife_1280_720_Forza.mp4,5,5,Both,false,1.0.1781903019,b615bb70072a145b,"Mozilla/5.0 (Linux; Android 10; K) AppleWebKit/537.36 (KHTML, like Gecko) SamsungBrowser/30.0 Chrome/143.0.0.0 Mobile Safari/537.36"
159,2026-06-26 17:11:35.005+00,m0dTWjZ8R4,2Mbit_Fortnite,Fortnite,2,5,synth,real,videos/2Mbit_Loss0_interpolated_frames_rife_1280_720_Fortnite.mp4,videos/2Mbit_Loss0_Fortnite.mp4,3,3,Both,false,1.0.1781903019,b615bb70072a145b,"Mozilla/5.0 (Linux; Android 10; K) AppleWebKit/537.36 (KHTML, like Gecko) SamsungBrowser/30.0 Chrome/143.0.0.0 Mobile Safari/537.36"
160,2026-06-26 17:12:23.38+00,m0dTWjZ8R4,8Mbit_Fortnite,Fortnite,8,6,real,synth,videos/8Mbit_Loss0_Fortnite.mp4,videos/8Mbit_Loss0_interpolated_frames_rife_1280_720_Fortnite.mp4,5,5,Video A,true,1.0.1781903019,b615bb70072a145b,"Mozilla/5.0 (Linux; Android 10; K) AppleWebKit/537.36 (KHTML, like Gecko) SamsungBrowser/30.0 Chrome/143.0.0.0 Mobile Safari/537.36"
161,2026-06-26 17:13:00.515+00,m0dTWjZ8R4,4Mbit_Fortnite,Fortnite,4,7,synth,real,videos/4Mbit_Loss0_interpolated_frames_rife_1280_720_Fortnite.mp4,videos/4Mbit_Loss0_Fortnite.mp4,4,4,Video B,true,1.0.1781903019,b615bb70072a145b,"Mozilla/5.0 (Linux; Android 10; K) AppleWebKit/537.36 (KHTML, like Gecko) SamsungBrowser/30.0 Chrome/143.0.0.0 Mobile Safari/537.36"
162,2026-06-26 17:13:42.804+00,m0dTWjZ8R4,10Mbit_Kombat,Kombat,10,8,synth,real,videos/10Mbit_Loss0_interpolated_frames_rife_1280_720_Kombat.mp4,videos/10Mbit_Loss0_Kombat.mp4,5,5,Video B,true,1.0.1781903019,b615bb70072a145b,"Mozilla/5.0 (Linux; Android 10; K) AppleWebKit/537.36 (KHTML, like Gecko) SamsungBrowser/30.0 Chrome/143.0.0.0 Mobile Safari/537.36"
163,2026-06-26 17:14:18.554+00,m0dTWjZ8R4,6Mbit_Kombat,Kombat,6,9,real,synth,videos/6Mbit_Loss0_Kombat.mp4,videos/6Mbit_Loss0_interpolated_frames_rife_1280_720_Kombat.mp4,5,5,Video A,true,1.0.1781903019,b615bb70072a145b,"Mozilla/5.0 (Linux; Android 10; K) AppleWebKit/537.36 (KHTML, like Gecko) SamsungBrowser/30.0 Chrome/143.0.0.0 Mobile Safari/537.36"
164,2026-06-26 17:15:16.208+00,m0dTWjZ8R4,2Mbit_Kombat,Kombat,2,10,synth,real,videos/2Mbit_Loss0_interpolated_frames_rife_1280_720_Kombat.mp4,videos/2Mbit_Loss0_Kombat.mp4,2,2,Video B,true,1.0.1781903019,b615bb70072a145b,"Mozilla/5.0 (Linux; Android 10; K) AppleWebKit/537.36 (KHTML, like Gecko) SamsungBrowser/30.0 Chrome/143.0.0.0 Mobile Safari/537.36"
165,2026-06-26 17:15:44.707+00,m0dTWjZ8R4,2Mbit_Forza,Forza,2,11,synth,real,videos/2Mbit_Loss0_interpolated_frames_rife_1280_720_Forza.mp4,videos/2Mbit_Loss0_Forza.mp4,3,3,Both,false,1.0.1781903019,b615bb70072a145b,"Mozilla/5.0 (Linux; Android 10; K) AppleWebKit/537.36 (KHTML, like Gecko) SamsungBrowser/30.0 Chrome/143.0.0.0 Mobile Safari/537.36"
166,2026-06-26 17:17:31.268+00,m0dTWjZ8R4,8Mbit_Forza,Forza,8,12,real,synth,videos/8Mbit_Loss0_Forza.mp4,videos/8Mbit_Loss0_interpolated_frames_rife_1280_720_Forza.mp4,4,4,Both,false,1.0.1781903019,b615bb70072a145b,"Mozilla/5.0 (Linux; Android 10; K) AppleWebKit/537.36 (KHTML, like Gecko) SamsungBrowser/30.0 Chrome/143.0.0.0 Mobile Safari/537.36"
167,2026-06-26 17:17:59.567+00,m0dTWjZ8R4,6Mbit_Fortnite,Fortnite,6,13,synth,real,videos/6Mbit_Loss0_interpolated_frames_rife_1280_720_Fortnite.mp4,videos/6Mbit_Loss0_Fortnite.mp4,4,4,Video B,true,1.0.1781903019,b615bb70072a145b,"Mozilla/5.0 (Linux; Android 10; K) AppleWebKit/537.36 (KHTML, like Gecko) SamsungBrowser/30.0 Chrome/143.0.0.0 Mobile Safari/537.36"
168,2026-06-26 17:19:04.826+00,m0dTWjZ8R4,6Mbit_Forza,Forza,6,14,real,synth,videos/6Mbit_Loss0_Forza.mp4,videos/6Mbit_Loss0_interpolated_frames_rife_1280_720_Forza.mp4,4,4,Both,false,1.0.1781903019,b615bb70072a145b,"Mozilla/5.0 (Linux; Android 10; K) AppleWebKit/537.36 (KHTML, like Gecko) SamsungBrowser/30.0 Chrome/143.0.0.0 Mobile Safari/537.36"
169,2026-06-30 19:30:56.132+00,VPCu61Dkpp,8Mbit_Kombat,Kombat,8,0,real,synth,videos/8Mbit_Loss0_Kombat.mp4,videos/8Mbit_Loss0_interpolated_frames_rife_1280_720_Kombat.mp4,3,4,None,false,1.0.1781903019,b615bb70072a145b,Mozilla/5.0 (Windows NT 10.0; Win64; x64; rv:152.0) Gecko/20100101 Firefox/152.0
170,2026-06-30 19:31:51.284+00,VPCu61Dkpp,6Mbit_Forza,Forza,6,1,synth,real,videos/6Mbit_Loss0_interpolated_frames_rife_1280_720_Forza.mp4,videos/6Mbit_Loss0_Forza.mp4,3,3,None,false,1.0.1781903019,b615bb70072a145b,Mozilla/5.0 (Windows NT 10.0; Win64; x64; rv:152.0) Gecko/20100101 Firefox/152.0
171,2026-06-30 19:32:46.028+00,VPCu61Dkpp,4Mbit_Fortnite,Fortnite,4,2,synth,real,videos/4Mbit_Loss0_interpolated_frames_rife_1280_720_Fortnite.mp4,videos/4Mbit_Loss0_Fortnite.mp4,3,3,None,false,1.0.1781903019,b615bb70072a145b,Mozilla/5.0 (Windows NT 10.0; Win64; x64; rv:152.0) Gecko/20100101 Firefox/152.0
172,2026-06-30 19:33:13.378+00,VPCu61Dkpp,2Mbit_Forza,Forza,2,3,real,synth,videos/2Mbit_Loss0_Forza.mp4,videos/2Mbit_Loss0_interpolated_frames_rife_1280_720_Forza.mp4,3,3,None,false,1.0.1781903019,b615bb70072a145b,Mozilla/5.0 (Windows NT 10.0; Win64; x64; rv:152.0) Gecko/20100101 Firefox/152.0
173,2026-06-30 19:34:15.1+00,VPCu61Dkpp,8Mbit_Forza,Forza,8,4,synth,real,videos/8Mbit_Loss0_interpolated_frames_rife_1280_720_Forza.mp4,videos/8Mbit_Loss0_Forza.mp4,4,4,None,false,1.0.1781903019,b615bb70072a145b,Mozilla/5.0 (Windows NT 10.0; Win64; x64; rv:152.0) Gecko/20100101 Firefox/152.0
174,2026-06-30 19:35:35.403+00,VPCu61Dkpp,10Mbit_Kombat,Kombat,10,5,real,synth,videos/10Mbit_Loss0_Kombat.mp4,videos/10Mbit_Loss0_interpolated_frames_rife_1280_720_Kombat.mp4,5,5,None,false,1.0.1781903019,b615bb70072a145b,Mozilla/5.0 (Windows NT 10.0; Win64; x64; rv:152.0) Gecko/20100101 Firefox/152.0
175,2026-06-30 19:35:54.155+00,VPCu61Dkpp,10Mbit_Fortnite,Fortnite,10,6,real,synth,videos/10Mbit_Loss0_Fortnite.mp4,videos/10Mbit_Loss0_interpolated_frames_rife_1280_720_Fortnite.mp4,5,4,None,false,1.0.1781903019,b615bb70072a145b,Mozilla/5.0 (Windows NT 10.0; Win64; x64; rv:152.0) Gecko/20100101 Firefox/152.0
176,2026-06-30 19:36:40.202+00,VPCu61Dkpp,8Mbit_Fortnite,Fortnite,8,7,real,synth,videos/8Mbit_Loss0_Fortnite.mp4,videos/8Mbit_Loss0_interpolated_frames_rife_1280_720_Fortnite.mp4,4,4,None,false,1.0.1781903019,b615bb70072a145b,Mozilla/5.0 (Windows NT 10.0; Win64; x64; rv:152.0) Gecko/20100101 Firefox/152.0
177,2026-06-30 19:37:25.629+00,VPCu61Dkpp,6Mbit_Fortnite,Fortnite,6,8,synth,real,videos/6Mbit_Loss0_interpolated_frames_rife_1280_720_Fortnite.mp4,videos/6Mbit_Loss0_Fortnite.mp4,2,2,None,false,1.0.1781903019,b615bb70072a145b,Mozilla/5.0 (Windows NT 10.0; Win64; x64; rv:152.0) Gecko/20100101 Firefox/152.0
178,2026-06-30 19:38:21.129+00,VPCu61Dkpp,2Mbit_Kombat,Kombat,2,9,synth,real,videos/2Mbit_Loss0_interpolated_frames_rife_1280_720_Kombat.mp4,videos/2Mbit_Loss0_Kombat.mp4,1,1,None,false,1.0.1781903019,b615bb70072a145b,Mozilla/5.0 (Windows NT 10.0; Win64; x64; rv:152.0) Gecko/20100101 Firefox/152.0
179,2026-06-30 19:39:07.91+00,VPCu61Dkpp,10Mbit_Forza,Forza,10,10,real,synth,videos/10Mbit_Loss0_Forza.mp4,videos/10Mbit_Loss0_interpolated_frames_rife_1280_720_Forza.mp4,4,3,None,false,1.0.1781903019,b615bb70072a145b,Mozilla/5.0 (Windows NT 10.0; Win64; x64; rv:152.0) Gecko/20100101 Firefox/152.0
180,2026-06-30 19:39:49.744+00,VPCu61Dkpp,4Mbit_Kombat,Kombat,4,11,synth,real,videos/4Mbit_Loss0_interpolated_frames_rife_1280_720_Kombat.mp4,videos/4Mbit_Loss0_Kombat.mp4,2,3,None,false,1.0.1781903019,b615bb70072a145b,Mozilla/5.0 (Windows NT 10.0; Win64; x64; rv:152.0) Gecko/20100101 Firefox/152.0
181,2026-06-30 19:40:29.936+00,VPCu61Dkpp,4Mbit_Forza,Forza,4,12,synth,real,videos/4Mbit_Loss0_interpolated_frames_rife_1280_720_Forza.mp4,videos/4Mbit_Loss0_Forza.mp4,2,3,None,false,1.0.1781903019,b615bb70072a145b,Mozilla/5.0 (Windows NT 10.0; Win64; x64; rv:152.0) Gecko/20100101 Firefox/152.0
182,2026-06-30 19:42:12.512+00,VPCu61Dkpp,6Mbit_Kombat,Kombat,6,13,real,synth,videos/6Mbit_Loss0_Kombat.mp4,videos/6Mbit_Loss0_interpolated_frames_rife_1280_720_Kombat.mp4,1,3,None,false,1.0.1781903019,b615bb70072a145b,Mozilla/5.0 (Windows NT 10.0; Win64; x64; rv:152.0) Gecko/20100101 Firefox/152.0
183,2026-06-30 19:43:01.789+00,VPCu61Dkpp,2Mbit_Fortnite,Fortnite,2,14,real,synth,videos/2Mbit_Loss0_Fortnite.mp4,videos/2Mbit_Loss0_interpolated_frames_rife_1280_720_Fortnite.mp4,2,2,None,false,1.0.1781903019,b615bb70072a145b,Mozilla/5.0 (Windows NT 10.0; Win64; x64; rv:152.0) Gecko/20100101 Firefox/152.0
184,2026-07-01 17:50:32.124+00,ktddlHbipn,4Mbit_Forza,Forza,4,0,real,synth,videos/4Mbit_Loss0_Forza.mp4,videos/4Mbit_Loss0_interpolated_frames_rife_1280_720_Forza.mp4,2,3,Video B,false,1.0.1781903019,b615bb70072a145b,Mozilla/5.0 (X11; Linux x86_64; rv:139.0) Gecko/20100101 Firefox/139.0
185,2026-07-01 17:50:54.192+00,ktddlHbipn,8Mbit_Fortnite,Fortnite,8,1,synth,real,videos/8Mbit_Loss0_interpolated_frames_rife_1280_720_Fortnite.mp4,videos/8Mbit_Loss0_Fortnite.mp4,3,4,Video B,true,1.0.1781903019,b615bb70072a145b,Mozilla/5.0 (X11; Linux x86_64; rv:139.0) Gecko/20100101 Firefox/139.0
186,2026-07-01 17:51:31.716+00,ktddlHbipn,10Mbit_Forza,Forza,10,2,synth,real,videos/10Mbit_Loss0_interpolated_frames_rife_1280_720_Forza.mp4,videos/10Mbit_Loss0_Forza.mp4,2,2,None,false,1.0.1781903019,b615bb70072a145b,Mozilla/5.0 (X11; Linux x86_64; rv:139.0) Gecko/20100101 Firefox/139.0
187,2026-07-01 17:51:49.087+00,ktddlHbipn,6Mbit_Kombat,Kombat,6,3,synth,real,videos/6Mbit_Loss0_interpolated_frames_rife_1280_720_Kombat.mp4,videos/6Mbit_Loss0_Kombat.mp4,1,2,Video B,true,1.0.1781903019,b615bb70072a145b,Mozilla/5.0 (X11; Linux x86_64; rv:139.0) Gecko/20100101 Firefox/139.0
188,2026-07-01 17:52:09.058+00,ktddlHbipn,6Mbit_Fortnite,Fortnite,6,4,real,synth,videos/6Mbit_Loss0_Fortnite.mp4,videos/6Mbit_Loss0_interpolated_frames_rife_1280_720_Fortnite.mp4,2,3,Video B,false,1.0.1781903019,b615bb70072a145b,Mozilla/5.0 (X11; Linux x86_64; rv:139.0) Gecko/20100101 Firefox/139.0
189,2026-07-01 17:52:24.627+00,ktddlHbipn,10Mbit_Fortnite,Fortnite,10,5,synth,real,videos/10Mbit_Loss0_interpolated_frames_rife_1280_720_Fortnite.mp4,videos/10Mbit_Loss0_Fortnite.mp4,2,3,Video B,true,1.0.1781903019,b615bb70072a145b,Mozilla/5.0 (X11; Linux x86_64; rv:139.0) Gecko/20100101 Firefox/139.0
190,2026-07-01 17:52:40.686+00,ktddlHbipn,4Mbit_Fortnite,Fortnite,4,6,synth,real,videos/4Mbit_Loss0_interpolated_frames_rife_1280_720_Fortnite.mp4,videos/4Mbit_Loss0_Fortnite.mp4,3,3,Both,false,1.0.1781903019,b615bb70072a145b,Mozilla/5.0 (X11; Linux x86_64; rv:139.0) Gecko/20100101 Firefox/139.0
191,2026-07-01 17:53:08.721+00,ktddlHbipn,2Mbit_Fortnite,Fortnite,2,7,real,synth,videos/2Mbit_Loss0_Fortnite.mp4,videos/2Mbit_Loss0_interpolated_frames_rife_1280_720_Fortnite.mp4,4,4,Both,false,1.0.1781903019,b615bb70072a145b,Mozilla/5.0 (X11; Linux x86_64; rv:139.0) Gecko/20100101 Firefox/139.0
192,2026-07-01 17:53:21.302+00,ktddlHbipn,6Mbit_Forza,Forza,6,8,real,synth,videos/6Mbit_Loss0_Forza.mp4,videos/6Mbit_Loss0_interpolated_frames_rife_1280_720_Forza.mp4,3,4,Video B,false,1.0.1781903019,b615bb70072a145b,Mozilla/5.0 (X11; Linux x86_64; rv:139.0) Gecko/20100101 Firefox/139.0
193,2026-07-01 17:53:32.832+00,ktddlHbipn,2Mbit_Forza,Forza,2,9,synth,real,videos/2Mbit_Loss0_interpolated_frames_rife_1280_720_Forza.mp4,videos/2Mbit_Loss0_Forza.mp4,2,3,Video B,true,1.0.1781903019,b615bb70072a145b,Mozilla/5.0 (X11; Linux x86_64; rv:139.0) Gecko/20100101 Firefox/139.0
194,2026-07-01 17:53:48.8+00,ktddlHbipn,2Mbit_Kombat,Kombat,2,10,real,synth,videos/2Mbit_Loss0_Kombat.mp4,videos/2Mbit_Loss0_interpolated_frames_rife_1280_720_Kombat.mp4,1,3,Video B,false,1.0.1781903019,b615bb70072a145b,Mozilla/5.0 (X11; Linux x86_64; rv:139.0) Gecko/20100101 Firefox/139.0
195,2026-07-01 17:54:03.528+00,ktddlHbipn,8Mbit_Forza,Forza,8,11,synth,real,videos/8Mbit_Loss0_interpolated_frames_rife_1280_720_Forza.mp4,videos/8Mbit_Loss0_Forza.mp4,2,3,Video B,true,1.0.1781903019,b615bb70072a145b,Mozilla/5.0 (X11; Linux x86_64; rv:139.0) Gecko/20100101 Firefox/139.0
196,2026-07-01 17:54:15.959+00,ktddlHbipn,4Mbit_Kombat,Kombat,4,12,real,synth,videos/4Mbit_Loss0_Kombat.mp4,videos/4Mbit_Loss0_interpolated_frames_rife_1280_720_Kombat.mp4,1,1,None,false,1.0.1781903019,b615bb70072a145b,Mozilla/5.0 (X11; Linux x86_64; rv:139.0) Gecko/20100101 Firefox/139.0
197,2026-07-01 17:54:30.002+00,ktddlHbipn,10Mbit_Kombat,Kombat,10,13,real,synth,videos/10Mbit_Loss0_Kombat.mp4,videos/10Mbit_Loss0_interpolated_frames_rife_1280_720_Kombat.mp4,3,2,Video A,true,1.0.1781903019,b615bb70072a145b,Mozilla/5.0 (X11; Linux x86_64; rv:139.0) Gecko/20100101 Firefox/139.0
198,2026-07-01 17:54:46.635+00,ktddlHbipn,8Mbit_Kombat,Kombat,8,14,real,synth,videos/8Mbit_Loss0_Kombat.mp4,videos/8Mbit_Loss0_interpolated_frames_rife_1280_720_Kombat.mp4,2,2,Video A,true,1.0.1781903019,b615bb70072a145b,Mozilla/5.0 (X11; Linux x86_64; rv:139.0) Gecko/20100101 Firefox/139.0
199,2026-07-14 22:23:38.591+00,Zoswu7XsrS,2Mbit_Kombat,Kombat,2,0,real,synth,videos/2Mbit_Loss0_Kombat.mp4,videos/2Mbit_Loss0_interpolated_frames_rife_1280_720_Kombat.mp4,4,4,Video A,true,1.0.1781903019,b615bb70072a145b,"Mozilla/5.0 (Linux; Android 10; K) AppleWebKit/537.36 (KHTML, like Gecko) Chrome/150.0.0.0 Mobile Safari/537.36"
200,2026-07-14 22:24:30.539+00,Zoswu7XsrS,8Mbit_Kombat,Kombat,8,1,synth,real,videos/8Mbit_Loss0_interpolated_frames_rife_1280_720_Kombat.mp4,videos/8Mbit_Loss0_Kombat.mp4,4,5,Video B,true,1.0.1781903019,b615bb70072a145b,"Mozilla/5.0 (Linux; Android 10; K) AppleWebKit/537.36 (KHTML, like Gecko) Chrome/150.0.0.0 Mobile Safari/537.36"
201,2026-07-14 22:25:31.54+00,Zoswu7XsrS,10Mbit_Kombat,Kombat,10,2,real,synth,videos/10Mbit_Loss0_Kombat.mp4,videos/10Mbit_Loss0_interpolated_frames_rife_1280_720_Kombat.mp4,4,4,Video B,false,1.0.1781903019,b615bb70072a145b,"Mozilla/5.0 (Linux; Android 10; K) AppleWebKit/537.36 (KHTML, like Gecko) Chrome/150.0.0.0 Mobile Safari/537.36"
202,2026-07-14 22:26:23.529+00,Zoswu7XsrS,4Mbit_Forza,Forza,4,3,synth,real,videos/4Mbit_Loss0_interpolated_frames_rife_1280_720_Forza.mp4,videos/4Mbit_Loss0_Forza.mp4,5,5,Video B,true,1.0.1781903019,b615bb70072a145b,"Mozilla/5.0 (Linux; Android 10; K) AppleWebKit/537.36 (KHTML, like Gecko) Chrome/150.0.0.0 Mobile Safari/537.36"
203,2026-07-14 22:27:06.59+00,Zoswu7XsrS,8Mbit_Fortnite,Fortnite,8,4,synth,real,videos/8Mbit_Loss0_interpolated_frames_rife_1280_720_Fortnite.mp4,videos/8Mbit_Loss0_Fortnite.mp4,4,5,Video B,true,1.0.1781903019,b615bb70072a145b,"Mozilla/5.0 (Linux; Android 10; K) AppleWebKit/537.36 (KHTML, like Gecko) Chrome/150.0.0.0 Mobile Safari/537.36"
204,2026-07-14 22:27:48.186+00,Zoswu7XsrS,2Mbit_Forza,Forza,2,5,real,synth,videos/2Mbit_Loss0_Forza.mp4,videos/2Mbit_Loss0_interpolated_frames_rife_1280_720_Forza.mp4,4,4,Both,false,1.0.1781903019,b615bb70072a145b,"Mozilla/5.0 (Linux; Android 10; K) AppleWebKit/537.36 (KHTML, like Gecko) Chrome/150.0.0.0 Mobile Safari/537.36"
205,2026-07-14 22:28:17.16+00,Zoswu7XsrS,2Mbit_Fortnite,Fortnite,2,6,real,synth,videos/2Mbit_Loss0_Fortnite.mp4,videos/2Mbit_Loss0_interpolated_frames_rife_1280_720_Fortnite.mp4,5,4,Video A,true,1.0.1781903019,b615bb70072a145b,"Mozilla/5.0 (Linux; Android 10; K) AppleWebKit/537.36 (KHTML, like Gecko) Chrome/150.0.0.0 Mobile Safari/537.36"
206,2026-07-14 22:28:31.922+00,Zoswu7XsrS,6Mbit_Fortnite,Fortnite,6,7,real,synth,videos/6Mbit_Loss0_Fortnite.mp4,videos/6Mbit_Loss0_interpolated_frames_rife_1280_720_Fortnite.mp4,5,4,Video A,true,1.0.1781903019,b615bb70072a145b,"Mozilla/5.0 (Linux; Android 10; K) AppleWebKit/537.36 (KHTML, like Gecko) Chrome/150.0.0.0 Mobile Safari/537.36"
207,2026-07-14 22:29:05.43+00,Zoswu7XsrS,6Mbit_Kombat,Kombat,6,8,synth,real,videos/6Mbit_Loss0_interpolated_frames_rife_1280_720_Kombat.mp4,videos/6Mbit_Loss0_Kombat.mp4,4,5,Video B,true,1.0.1781903019,b615bb70072a145b,"Mozilla/5.0 (Linux; Android 10; K) AppleWebKit/537.36 (KHTML, like Gecko) Chrome/150.0.0.0 Mobile Safari/537.36"
208,2026-07-14 22:29:23.2+00,Zoswu7XsrS,10Mbit_Fortnite,Fortnite,10,9,real,synth,videos/10Mbit_Loss0_Fortnite.mp4,videos/10Mbit_Loss0_interpolated_frames_rife_1280_720_Fortnite.mp4,5,4,Video A,true,1.0.1781903019,b615bb70072a145b,"Mozilla/5.0 (Linux; Android 10; K) AppleWebKit/537.36 (KHTML, like Gecko) Chrome/150.0.0.0 Mobile Safari/537.36"
209,2026-07-14 22:31:03.5+00,Zoswu7XsrS,4Mbit_Kombat,Kombat,4,10,real,synth,videos/4Mbit_Loss0_Kombat.mp4,videos/4Mbit_Loss0_interpolated_frames_rife_1280_720_Kombat.mp4,4,4,Video A,true,1.0.1781903019,b615bb70072a145b,"Mozilla/5.0 (Linux; Android 10; K) AppleWebKit/537.36 (KHTML, like Gecko) Chrome/150.0.0.0 Mobile Safari/537.36"
210,2026-07-14 22:32:47.171+00,Zoswu7XsrS,10Mbit_Forza,Forza,10,11,real,synth,videos/10Mbit_Loss0_Forza.mp4,videos/10Mbit_Loss0_interpolated_frames_rife_1280_720_Forza.mp4,4,4,None,false,1.0.1781903019,b615bb70072a145b,"Mozilla/5.0 (Linux; Android 10; K) AppleWebKit/537.36 (KHTML, like Gecko) Chrome/150.0.0.0 Mobile Safari/537.36"
211,2026-07-14 22:33:40.722+00,Zoswu7XsrS,4Mbit_Fortnite,Fortnite,4,12,synth,real,videos/4Mbit_Loss0_interpolated_frames_rife_1280_720_Fortnite.mp4,videos/4Mbit_Loss0_Fortnite.mp4,4,5,Video B,true,1.0.1781903019,b615bb70072a145b,"Mozilla/5.0 (Linux; Android 10; K) AppleWebKit/537.36 (KHTML, like Gecko) Chrome/150.0.0.0 Mobile Safari/537.36"
212,2026-07-14 22:35:13.182+00,Zoswu7XsrS,8Mbit_Forza,Forza,8,13,synth,real,videos/8Mbit_Loss0_interpolated_frames_rife_1280_720_Forza.mp4,videos/8Mbit_Loss0_Forza.mp4,4,5,Video B,true,1.0.1781903019,b615bb70072a145b,"Mozilla/5.0 (Linux; Android 10; K) AppleWebKit/537.36 (KHTML, like Gecko) Chrome/150.0.0.0 Mobile Safari/537.36"
213,2026-07-14 22:36:15.613+00,Zoswu7XsrS,6Mbit_Forza,Forza,6,14,real,synth,videos/6Mbit_Loss0_Forza.mp4,videos/6Mbit_Loss0_interpolated_frames_rife_1280_720_Forza.mp4,5,4,Video A,true,1.0.1781903019,b615bb70072a145b,"Mozilla/5.0 (Linux; Android 10; K) AppleWebKit/537.36 (KHTML, like Gecko) Chrome/150.0.0.0 Mobile Safari/537.36"
214,2026-07-14 22:41:04.837+00,iByISEGGD0,4Mbit_Fortnite,Fortnite,4,0,synth,real,videos/4Mbit_Loss0_interpolated_frames_rife_1280_720_Fortnite.mp4,videos/4Mbit_Loss0_Fortnite.mp4,2,4,Video B,true,1.0.1781903019,b615bb70072a145b,"Mozilla/5.0 (Windows NT 10.0; Win64; x64) AppleWebKit/537.36 (KHTML, like Gecko) Chrome/150.0.0.0 Safari/537.36"
215,2026-07-14 22:41:15.292+00,iByISEGGD0,4Mbit_Forza,Forza,4,1,real,synth,videos/4Mbit_Loss0_Forza.mp4,videos/4Mbit_Loss0_interpolated_frames_rife_1280_720_Forza.mp4,1,1,None,false,1.0.1781903019,b615bb70072a145b,"Mozilla/5.0 (Windows NT 10.0; Win64; x64) AppleWebKit/537.36 (KHTML, like Gecko) Chrome/150.0.0.0 Safari/537.36"
216,2026-07-14 22:41:29.635+00,iByISEGGD0,6Mbit_Kombat,Kombat,6,2,synth,real,videos/6Mbit_Loss0_interpolated_frames_rife_1280_720_Kombat.mp4,videos/6Mbit_Loss0_Kombat.mp4,1,1,None,false,1.0.1781903019,b615bb70072a145b,"Mozilla/5.0 (Windows NT 10.0; Win64; x64) AppleWebKit/537.36 (KHTML, like Gecko) Chrome/150.0.0.0 Safari/537.36"
217,2026-07-14 22:41:39.01+00,hNd9m5iA41,4Mbit_Fortnite,Fortnite,4,0,synth,real,videos/4Mbit_Loss0_interpolated_frames_rife_1280_720_Fortnite.mp4,videos/4Mbit_Loss0_Fortnite.mp4,3,5,Video B,true,1.0.1781903019,b615bb70072a145b,"Mozilla/5.0 (X11; Linux x86_64) AppleWebKit/537.36 (KHTML, like Gecko) Chrome/150.0.0.0 Safari/537.36"
218,2026-07-14 22:41:50.981+00,iByISEGGD0,2Mbit_Forza,Forza,2,3,real,synth,videos/2Mbit_Loss0_Forza.mp4,videos/2Mbit_Loss0_interpolated_frames_rife_1280_720_Forza.mp4,2,2,Video B,false,1.0.1781903019,b615bb70072a145b,"Mozilla/5.0 (Windows NT 10.0; Win64; x64) AppleWebKit/537.36 (KHTML, like Gecko) Chrome/150.0.0.0 Safari/537.36"
219,2026-07-14 22:42:23.937+00,iByISEGGD0,2Mbit_Kombat,Kombat,2,4,synth,real,videos/2Mbit_Loss0_interpolated_frames_rife_1280_720_Kombat.mp4,videos/2Mbit_Loss0_Kombat.mp4,1,1,Both,false,1.0.1781903019,b615bb70072a145b,"Mozilla/5.0 (Windows NT 10.0; Win64; x64) AppleWebKit/537.36 (KHTML, like Gecko) Chrome/150.0.0.0 Safari/537.36"
220,2026-07-14 22:42:34.92+00,iByISEGGD0,8Mbit_Fortnite,Fortnite,8,5,real,synth,videos/8Mbit_Loss0_Fortnite.mp4,videos/8Mbit_Loss0_interpolated_frames_rife_1280_720_Fortnite.mp4,4,3,Video A,true,1.0.1781903019,b615bb70072a145b,"Mozilla/5.0 (Windows NT 10.0; Win64; x64) AppleWebKit/537.36 (KHTML, like Gecko) Chrome/150.0.0.0 Safari/537.36"
221,2026-07-14 22:43:00.826+00,iByISEGGD0,10Mbit_Fortnite,Fortnite,10,6,real,synth,videos/10Mbit_Loss0_Fortnite.mp4,videos/10Mbit_Loss0_interpolated_frames_rife_1280_720_Fortnite.mp4,4,3,Video A,true,1.0.1781903019,b615bb70072a145b,"Mozilla/5.0 (Windows NT 10.0; Win64; x64) AppleWebKit/537.36 (KHTML, like Gecko) Chrome/150.0.0.0 Safari/537.36"
222,2026-07-14 22:43:13.613+00,iByISEGGD0,10Mbit_Forza,Forza,10,7,real,synth,videos/10Mbit_Loss0_Forza.mp4,videos/10Mbit_Loss0_interpolated_frames_rife_1280_720_Forza.mp4,4,4,Both,false,1.0.1781903019,b615bb70072a145b,"Mozilla/5.0 (Windows NT 10.0; Win64; x64) AppleWebKit/537.36 (KHTML, like Gecko) Chrome/150.0.0.0 Safari/537.36"
223,2026-07-14 22:43:30.633+00,iByISEGGD0,6Mbit_Forza,Forza,6,8,synth,real,videos/6Mbit_Loss0_interpolated_frames_rife_1280_720_Forza.mp4,videos/6Mbit_Loss0_Forza.mp4,3,3,None,false,1.0.1781903019,b615bb70072a145b,"Mozilla/5.0 (Windows NT 10.0; Win64; x64) AppleWebKit/537.36 (KHTML, like Gecko) Chrome/150.0.0.0 Safari/537.36"
224,2026-07-14 22:43:44.441+00,iByISEGGD0,8Mbit_Forza,Forza,8,9,synth,real,videos/8Mbit_Loss0_interpolated_frames_rife_1280_720_Forza.mp4,videos/8Mbit_Loss0_Forza.mp4,4,3,Video A,false,1.0.1781903019,b615bb70072a145b,"Mozilla/5.0 (Windows NT 10.0; Win64; x64) AppleWebKit/537.36 (KHTML, like Gecko) Chrome/150.0.0.0 Safari/537.36"
225,2026-07-14 22:44:27.903+00,iByISEGGD0,6Mbit_Fortnite,Fortnite,6,10,real,synth,videos/6Mbit_Loss0_Fortnite.mp4,videos/6Mbit_Loss0_interpolated_frames_rife_1280_720_Fortnite.mp4,4,3,Video A,true,1.0.1781903019,b615bb70072a145b,"Mozilla/5.0 (Windows NT 10.0; Win64; x64) AppleWebKit/537.36 (KHTML, like Gecko) Chrome/150.0.0.0 Safari/537.36"
226,2026-07-14 22:44:43.961+00,iByISEGGD0,2Mbit_Fortnite,Fortnite,2,11,synth,real,videos/2Mbit_Loss0_interpolated_frames_rife_1280_720_Fortnite.mp4,videos/2Mbit_Loss0_Fortnite.mp4,2,2,Video B,true,1.0.1781903019,b615bb70072a145b,"Mozilla/5.0 (Windows NT 10.0; Win64; x64) AppleWebKit/537.36 (KHTML, like Gecko) Chrome/150.0.0.0 Safari/537.36"
227,2026-07-14 22:45:00.413+00,iByISEGGD0,4Mbit_Kombat,Kombat,4,12,real,synth,videos/4Mbit_Loss0_Kombat.mp4,videos/4Mbit_Loss0_interpolated_frames_rife_1280_720_Kombat.mp4,2,3,Video B,false,1.0.1781903019,b615bb70072a145b,"Mozilla/5.0 (Windows NT 10.0; Win64; x64) AppleWebKit/537.36 (KHTML, like Gecko) Chrome/150.0.0.0 Safari/537.36"
228,2026-07-14 22:45:41.582+00,iByISEGGD0,8Mbit_Kombat,Kombat,8,13,real,synth,videos/8Mbit_Loss0_Kombat.mp4,videos/8Mbit_Loss0_interpolated_frames_rife_1280_720_Kombat.mp4,3,4,Video A,true,1.0.1781903019,b615bb70072a145b,"Mozilla/5.0 (Windows NT 10.0; Win64; x64) AppleWebKit/537.36 (KHTML, like Gecko) Chrome/150.0.0.0 Safari/537.36"
229,2026-07-14 22:45:56.097+00,iByISEGGD0,10Mbit_Kombat,Kombat,10,14,synth,real,videos/10Mbit_Loss0_interpolated_frames_rife_1280_720_Kombat.mp4,videos/10Mbit_Loss0_Kombat.mp4,4,4,Video A,false,1.0.1781903019,b615bb70072a145b,"Mozilla/5.0 (Windows NT 10.0; Win64; x64) AppleWebKit/537.36 (KHTML, like Gecko) Chrome/150.0.0.0 Safari/537.36"
230,2026-07-14 22:46:21.728+00,hNd9m5iA41,6Mbit_Fortnite,Fortnite,6,1,real,synth,videos/6Mbit_Loss0_Fortnite.mp4,videos/6Mbit_Loss0_interpolated_frames_rife_1280_720_Fortnite.mp4,4,3,Video A,true,1.0.1781903019,b615bb70072a145b,"Mozilla/5.0 (X11; Linux x86_64) AppleWebKit/537.36 (KHTML, like Gecko) Chrome/150.0.0.0 Safari/537.36"
231,2026-07-14 22:46:52.752+00,hNd9m5iA41,10Mbit_Kombat,Kombat,10,2,synth,real,videos/10Mbit_Loss0_interpolated_frames_rife_1280_720_Kombat.mp4,videos/10Mbit_Loss0_Kombat.mp4,4,4,Video A,false,1.0.1781903019,b615bb70072a145b,"Mozilla/5.0 (X11; Linux x86_64) AppleWebKit/537.36 (KHTML, like Gecko) Chrome/150.0.0.0 Safari/537.36"
232,2026-07-14 22:47:31.95+00,hNd9m5iA41,8Mbit_Kombat,Kombat,8,3,synth,real,videos/8Mbit_Loss0_interpolated_frames_rife_1280_720_Kombat.mp4,videos/8Mbit_Loss0_Kombat.mp4,3,3,None,false,1.0.1781903019,b615bb70072a145b,"Mozilla/5.0 (X11; Linux x86_64) AppleWebKit/537.36 (KHTML, like Gecko) Chrome/150.0.0.0 Safari/537.36"
233,2026-07-14 22:48:00.665+00,hNd9m5iA41,4Mbit_Forza,Forza,4,4,synth,real,videos/4Mbit_Loss0_interpolated_frames_rife_1280_720_Forza.mp4,videos/4Mbit_Loss0_Forza.mp4,5,4,Video A,false,1.0.1781903019,b615bb70072a145b,"Mozilla/5.0 (X11; Linux x86_64) AppleWebKit/537.36 (KHTML, like Gecko) Chrome/150.0.0.0 Safari/537.36"
234,2026-07-14 22:48:11.003+00,hNd9m5iA41,6Mbit_Kombat,Kombat,6,5,real,synth,videos/6Mbit_Loss0_Kombat.mp4,videos/6Mbit_Loss0_interpolated_frames_rife_1280_720_Kombat.mp4,5,4,Video A,true,1.0.1781903019,b615bb70072a145b,"Mozilla/5.0 (X11; Linux x86_64) AppleWebKit/537.36 (KHTML, like Gecko) Chrome/150.0.0.0 Safari/537.36"
235,2026-07-14 22:48:30.68+00,hNd9m5iA41,2Mbit_Forza,Forza,2,6,real,synth,videos/2Mbit_Loss0_Forza.mp4,videos/2Mbit_Loss0_interpolated_frames_rife_1280_720_Forza.mp4,3,2,Video A,true,1.0.1781903019,b615bb70072a145b,"Mozilla/5.0 (X11; Linux x86_64) AppleWebKit/537.36 (KHTML, like Gecko) Chrome/150.0.0.0 Safari/537.36"
236,2026-07-14 22:48:44.202+00,hNd9m5iA41,2Mbit_Fortnite,Fortnite,2,7,synth,real,videos/2Mbit_Loss0_interpolated_frames_rife_1280_720_Fortnite.mp4,videos/2Mbit_Loss0_Fortnite.mp4,2,2,None,false,1.0.1781903019,b615bb70072a145b,"Mozilla/5.0 (X11; Linux x86_64) AppleWebKit/537.36 (KHTML, like Gecko) Chrome/150.0.0.0 Safari/537.36"
237,2026-07-14 22:48:56.806+00,hNd9m5iA41,8Mbit_Fortnite,Fortnite,8,8,synth,real,videos/8Mbit_Loss0_interpolated_frames_rife_1280_720_Fortnite.mp4,videos/8Mbit_Loss0_Fortnite.mp4,5,5,Video B,true,1.0.1781903019,b615bb70072a145b,"Mozilla/5.0 (X11; Linux x86_64) AppleWebKit/537.36 (KHTML, like Gecko) Chrome/150.0.0.0 Safari/537.36"
238,2026-07-14 22:49:15.23+00,hNd9m5iA41,2Mbit_Kombat,Kombat,2,9,synth,real,videos/2Mbit_Loss0_interpolated_frames_rife_1280_720_Kombat.mp4,videos/2Mbit_Loss0_Kombat.mp4,1,1,None,false,1.0.1781903019,b615bb70072a145b,"Mozilla/5.0 (X11; Linux x86_64) AppleWebKit/537.36 (KHTML, like Gecko) Chrome/150.0.0.0 Safari/537.36"
239,2026-07-14 22:49:27.626+00,hNd9m5iA41,6Mbit_Forza,Forza,6,10,real,synth,videos/6Mbit_Loss0_Forza.mp4,videos/6Mbit_Loss0_interpolated_frames_rife_1280_720_Forza.mp4,4,3,Video A,true,1.0.1781903019,b615bb70072a145b,"Mozilla/5.0 (X11; Linux x86_64) AppleWebKit/537.36 (KHTML, like Gecko) Chrome/150.0.0.0 Safari/537.36"
240,2026-07-14 22:49:36.679+00,hNd9m5iA41,4Mbit_Kombat,Kombat,4,11,synth,real,videos/4Mbit_Loss0_interpolated_frames_rife_1280_720_Kombat.mp4,videos/4Mbit_Loss0_Kombat.mp4,3,4,Video B,true,1.0.1781903019,b615bb70072a145b,"Mozilla/5.0 (X11; Linux x86_64) AppleWebKit/537.36 (KHTML, like Gecko) Chrome/150.0.0.0 Safari/537.36"
241,2026-07-14 22:49:44.757+00,hNd9m5iA41,10Mbit_Forza,Forza,10,12,real,synth,videos/10Mbit_Loss0_Forza.mp4,videos/10Mbit_Loss0_interpolated_frames_rife_1280_720_Forza.mp4,5,5,Both,false,1.0.1781903019,b615bb70072a145b,"Mozilla/5.0 (X11; Linux x86_64) AppleWebKit/537.36 (KHTML, like Gecko) Chrome/150.0.0.0 Safari/537.36"
242,2026-07-14 22:50:08.759+00,hNd9m5iA41,8Mbit_Forza,Forza,8,13,real,synth,videos/8Mbit_Loss0_Forza.mp4,videos/8Mbit_Loss0_interpolated_frames_rife_1280_720_Forza.mp4,5,5,Video B,false,1.0.1781903019,b615bb70072a145b,"Mozilla/5.0 (X11; Linux x86_64) AppleWebKit/537.36 (KHTML, like Gecko) Chrome/150.0.0.0 Safari/537.36"
243,2026-07-14 22:50:50.675+00,hNd9m5iA41,10Mbit_Fortnite,Fortnite,10,14,synth,real,videos/10Mbit_Loss0_interpolated_frames_rife_1280_720_Fortnite.mp4,videos/10Mbit_Loss0_Fortnite.mp4,5,5,Video B,true,1.0.1781903019,b615bb70072a145b,"Mozilla/5.0 (X11; Linux x86_64) AppleWebKit/537.36 (KHTML, like Gecko) Chrome/150.0.0.0 Safari/537.36"
244,2026-07-14 23:06:10.396+00,Z2zapdOkuE,6Mbit_Kombat,Kombat,6,0,real,synth,videos/6Mbit_Loss0_Kombat.mp4,videos/6Mbit_Loss0_interpolated_frames_rife_1280_720_Kombat.mp4,5,5,Both,false,1.0.1781903019,b615bb70072a145b,"Mozilla/5.0 (Linux; Android 10; K) AppleWebKit/537.36 (KHTML, like Gecko) Chrome/150.0.0.0 Mobile Safari/537.36"
245,2026-07-14 23:06:26.713+00,Z2zapdOkuE,10Mbit_Kombat,Kombat,10,1,real,synth,videos/10Mbit_Loss0_Kombat.mp4,videos/10Mbit_Loss0_interpolated_frames_rife_1280_720_Kombat.mp4,5,5,Both,false,1.0.1781903019,b615bb70072a145b,"Mozilla/5.0 (Linux; Android 10; K) AppleWebKit/537.36 (KHTML, like Gecko) Chrome/150.0.0.0 Mobile Safari/537.36"
246,2026-07-14 23:06:53.098+00,Z2zapdOkuE,10Mbit_Forza,Forza,10,2,real,synth,videos/10Mbit_Loss0_Forza.mp4,videos/10Mbit_Loss0_interpolated_frames_rife_1280_720_Forza.mp4,5,5,Both,false,1.0.1781903019,b615bb70072a145b,"Mozilla/5.0 (Linux; Android 10; K) AppleWebKit/537.36 (KHTML, like Gecko) Chrome/150.0.0.0 Mobile Safari/537.36"
247,2026-07-14 23:07:10.787+00,Z2zapdOkuE,6Mbit_Forza,Forza,6,3,real,synth,videos/6Mbit_Loss0_Forza.mp4,videos/6Mbit_Loss0_interpolated_frames_rife_1280_720_Forza.mp4,5,5,Both,false,1.0.1781903019,b615bb70072a145b,"Mozilla/5.0 (Linux; Android 10; K) AppleWebKit/537.36 (KHTML, like Gecko) Chrome/150.0.0.0 Mobile Safari/537.36"
248,2026-07-14 23:07:38.006+00,Z2zapdOkuE,8Mbit_Fortnite,Fortnite,8,4,real,synth,videos/8Mbit_Loss0_Fortnite.mp4,videos/8Mbit_Loss0_interpolated_frames_rife_1280_720_Fortnite.mp4,5,5,Both,false,1.0.1781903019,b615bb70072a145b,"Mozilla/5.0 (Linux; Android 10; K) AppleWebKit/537.36 (KHTML, like Gecko) Chrome/150.0.0.0 Mobile Safari/537.36"
249,2026-07-14 23:07:49.798+00,Z2zapdOkuE,8Mbit_Forza,Forza,8,5,real,synth,videos/8Mbit_Loss0_Forza.mp4,videos/8Mbit_Loss0_interpolated_frames_rife_1280_720_Forza.mp4,5,5,Both,false,1.0.1781903019,b615bb70072a145b,"Mozilla/5.0 (Linux; Android 10; K) AppleWebKit/537.36 (KHTML, like Gecko) Chrome/150.0.0.0 Mobile Safari/537.36"
250,2026-07-14 23:08:03.552+00,Z2zapdOkuE,2Mbit_Fortnite,Fortnite,2,6,real,synth,videos/2Mbit_Loss0_Fortnite.mp4,videos/2Mbit_Loss0_interpolated_frames_rife_1280_720_Fortnite.mp4,4,4,Both,false,1.0.1781903019,b615bb70072a145b,"Mozilla/5.0 (Linux; Android 10; K) AppleWebKit/537.36 (KHTML, like Gecko) Chrome/150.0.0.0 Mobile Safari/537.36"
251,2026-07-14 23:08:14.796+00,Z2zapdOkuE,2Mbit_Kombat,Kombat,2,7,synth,real,videos/2Mbit_Loss0_interpolated_frames_rife_1280_720_Kombat.mp4,videos/2Mbit_Loss0_Kombat.mp4,4,4,Both,false,1.0.1781903019,b615bb70072a145b,"Mozilla/5.0 (Linux; Android 10; K) AppleWebKit/537.36 (KHTML, like Gecko) Chrome/150.0.0.0 Mobile Safari/537.36"
252,2026-07-14 23:08:26.116+00,Z2zapdOkuE,8Mbit_Kombat,Kombat,8,8,synth,real,videos/8Mbit_Loss0_interpolated_frames_rife_1280_720_Kombat.mp4,videos/8Mbit_Loss0_Kombat.mp4,5,5,Both,false,1.0.1781903019,b615bb70072a145b,"Mozilla/5.0 (Linux; Android 10; K) AppleWebKit/537.36 (KHTML, like Gecko) Chrome/150.0.0.0 Mobile Safari/537.36"
253,2026-07-14 23:08:36.668+00,Z2zapdOkuE,6Mbit_Fortnite,Fortnite,6,9,real,synth,videos/6Mbit_Loss0_Fortnite.mp4,videos/6Mbit_Loss0_interpolated_frames_rife_1280_720_Fortnite.mp4,5,5,Both,false,1.0.1781903019,b615bb70072a145b,"Mozilla/5.0 (Linux; Android 10; K) AppleWebKit/537.36 (KHTML, like Gecko) Chrome/150.0.0.0 Mobile Safari/537.36"
254,2026-07-14 23:08:45.768+00,Z2zapdOkuE,4Mbit_Forza,Forza,4,10,real,synth,videos/4Mbit_Loss0_Forza.mp4,videos/4Mbit_Loss0_interpolated_frames_rife_1280_720_Forza.mp4,5,5,Both,false,1.0.1781903019,b615bb70072a145b,"Mozilla/5.0 (Linux; Android 10; K) AppleWebKit/537.36 (KHTML, like Gecko) Chrome/150.0.0.0 Mobile Safari/537.36"
255,2026-07-14 23:08:55.599+00,Z2zapdOkuE,2Mbit_Forza,Forza,2,11,real,synth,videos/2Mbit_Loss0_Forza.mp4,videos/2Mbit_Loss0_interpolated_frames_rife_1280_720_Forza.mp4,4,4,Both,false,1.0.1781903019,b615bb70072a145b,"Mozilla/5.0 (Linux; Android 10; K) AppleWebKit/537.36 (KHTML, like Gecko) Chrome/150.0.0.0 Mobile Safari/537.36"
256,2026-07-14 23:09:07.832+00,Z2zapdOkuE,10Mbit_Fortnite,Fortnite,10,12,real,synth,videos/10Mbit_Loss0_Fortnite.mp4,videos/10Mbit_Loss0_interpolated_frames_rife_1280_720_Fortnite.mp4,5,5,Both,false,1.0.1781903019,b615bb70072a145b,"Mozilla/5.0 (Linux; Android 10; K) AppleWebKit/537.36 (KHTML, like Gecko) Chrome/150.0.0.0 Mobile Safari/537.36"
257,2026-07-14 23:09:16.74+00,Z2zapdOkuE,4Mbit_Kombat,Kombat,4,13,real,synth,videos/4Mbit_Loss0_Kombat.mp4,videos/4Mbit_Loss0_interpolated_frames_rife_1280_720_Kombat.mp4,4,4,Both,false,1.0.1781903019,b615bb70072a145b,"Mozilla/5.0 (Linux; Android 10; K) AppleWebKit/537.36 (KHTML, like Gecko) Chrome/150.0.0.0 Mobile Safari/537.36"
258,2026-07-14 23:09:29.972+00,Z2zapdOkuE,4Mbit_Fortnite,Fortnite,4,14,synth,real,videos/4Mbit_Loss0_interpolated_frames_rife_1280_720_Fortnite.mp4,videos/4Mbit_Loss0_Fortnite.mp4,5,5,Both,false,1.0.1781903019,b615bb70072a145b,"Mozilla/5.0 (Linux; Android 10; K) AppleWebKit/537.36 (KHTML, like Gecko) Chrome/150.0.0.0 Mobile Safari/537.36"
259,2026-07-14 23:41:38.738+00,nLxS2OUFla,6Mbit_Kombat,Kombat,6,0,synth,real,videos/6Mbit_Loss0_interpolated_frames_rife_1280_720_Kombat.mp4,videos/6Mbit_Loss0_Kombat.mp4,3,3,None,false,1.0.1781903019,b615bb70072a145b,"Mozilla/5.0 (Macintosh; Intel Mac OS X 10_15_7) AppleWebKit/605.1.15 (KHTML, like Gecko) Version/26.5.2 Safari/605.1.15"
260,2026-07-14 23:42:48.057+00,nLxS2OUFla,8Mbit_Fortnite,Fortnite,8,1,real,synth,videos/8Mbit_Loss0_Fortnite.mp4,videos/8Mbit_Loss0_interpolated_frames_rife_1280_720_Fortnite.mp4,4,4,Both,false,1.0.1781903019,b615bb70072a145b,"Mozilla/5.0 (Macintosh; Intel Mac OS X 10_15_7) AppleWebKit/605.1.15 (KHTML, like Gecko) Version/26.5.2 Safari/605.1.15"
261,2026-07-14 23:43:43.676+00,nLxS2OUFla,2Mbit_Kombat,Kombat,2,2,real,synth,videos/2Mbit_Loss0_Kombat.mp4,videos/2Mbit_Loss0_interpolated_frames_rife_1280_720_Kombat.mp4,2,2,Both,false,1.0.1781903019,b615bb70072a145b,"Mozilla/5.0 (Macintosh; Intel Mac OS X 10_15_7) AppleWebKit/605.1.15 (KHTML, like Gecko) Version/26.5.2 Safari/605.1.15"
262,2026-07-14 23:45:09.707+00,nLxS2OUFla,6Mbit_Fortnite,Fortnite,6,3,real,synth,videos/6Mbit_Loss0_Fortnite.mp4,videos/6Mbit_Loss0_interpolated_frames_rife_1280_720_Fortnite.mp4,4,4,Video A,true,1.0.1781903019,b615bb70072a145b,"Mozilla/5.0 (Macintosh; Intel Mac OS X 10_15_7) AppleWebKit/605.1.15 (KHTML, like Gecko) Version/26.5.2 Safari/605.1.15"
263,2026-07-14 23:45:40.572+00,nLxS2OUFla,4Mbit_Forza,Forza,4,4,synth,real,videos/4Mbit_Loss0_interpolated_frames_rife_1280_720_Forza.mp4,videos/4Mbit_Loss0_Forza.mp4,3,3,Both,false,1.0.1781903019,b615bb70072a145b,"Mozilla/5.0 (Macintosh; Intel Mac OS X 10_15_7) AppleWebKit/605.1.15 (KHTML, like Gecko) Version/26.5.2 Safari/605.1.15"
264,2026-07-14 23:45:58.809+00,nLxS2OUFla,4Mbit_Fortnite,Fortnite,4,5,real,synth,videos/4Mbit_Loss0_Fortnite.mp4,videos/4Mbit_Loss0_interpolated_frames_rife_1280_720_Fortnite.mp4,3,3,Both,false,1.0.1781903019,b615bb70072a145b,"Mozilla/5.0 (Macintosh; Intel Mac OS X 10_15_7) AppleWebKit/605.1.15 (KHTML, like Gecko) Version/26.5.2 Safari/605.1.15"
265,2026-07-14 23:46:49.223+00,nLxS2OUFla,10Mbit_Fortnite,Fortnite,10,6,real,synth,videos/10Mbit_Loss0_Fortnite.mp4,videos/10Mbit_Loss0_interpolated_frames_rife_1280_720_Fortnite.mp4,4,4,Video A,true,1.0.1781903019,b615bb70072a145b,"Mozilla/5.0 (Macintosh; Intel Mac OS X 10_15_7) AppleWebKit/605.1.15 (KHTML, like Gecko) Version/26.5.2 Safari/605.1.15"
266,2026-07-14 23:47:40.29+00,nLxS2OUFla,2Mbit_Forza,Forza,2,7,real,synth,videos/2Mbit_Loss0_Forza.mp4,videos/2Mbit_Loss0_interpolated_frames_rife_1280_720_Forza.mp4,2,2,None,false,1.0.1781903019,b615bb70072a145b,"Mozilla/5.0 (Macintosh; Intel Mac OS X 10_15_7) AppleWebKit/605.1.15 (KHTML, like Gecko) Version/26.5.2 Safari/605.1.15"
267,2026-07-14 23:48:12.038+00,nLxS2OUFla,8Mbit_Forza,Forza,8,8,real,synth,videos/8Mbit_Loss0_Forza.mp4,videos/8Mbit_Loss0_interpolated_frames_rife_1280_720_Forza.mp4,3,3,None,false,1.0.1781903019,b615bb70072a145b,"Mozilla/5.0 (Macintosh; Intel Mac OS X 10_15_7) AppleWebKit/605.1.15 (KHTML, like Gecko) Version/26.5.2 Safari/605.1.15"
268,2026-07-14 23:49:02.208+00,nLxS2OUFla,8Mbit_Kombat,Kombat,8,9,real,synth,videos/8Mbit_Loss0_Kombat.mp4,videos/8Mbit_Loss0_interpolated_frames_rife_1280_720_Kombat.mp4,3,3,Both,false,1.0.1781903019,b615bb70072a145b,"Mozilla/5.0 (Macintosh; Intel Mac OS X 10_15_7) AppleWebKit/605.1.15 (KHTML, like Gecko) Version/26.5.2 Safari/605.1.15"
269,2026-07-14 23:49:28.421+00,nLxS2OUFla,2Mbit_Fortnite,Fortnite,2,10,real,synth,videos/2Mbit_Loss0_Fortnite.mp4,videos/2Mbit_Loss0_interpolated_frames_rife_1280_720_Fortnite.mp4,3,3,Both,false,1.0.1781903019,b615bb70072a145b,"Mozilla/5.0 (Macintosh; Intel Mac OS X 10_15_7) AppleWebKit/605.1.15 (KHTML, like Gecko) Version/26.5.2 Safari/605.1.15"
270,2026-07-14 23:50:39.707+00,nLxS2OUFla,10Mbit_Forza,Forza,10,11,synth,real,videos/10Mbit_Loss0_interpolated_frames_rife_1280_720_Forza.mp4,videos/10Mbit_Loss0_Forza.mp4,4,4,Both,false,1.0.1781903019,b615bb70072a145b,"Mozilla/5.0 (Macintosh; Intel Mac OS X 10_15_7) AppleWebKit/605.1.15 (KHTML, like Gecko) Version/26.5.2 Safari/605.1.15"
271,2026-07-14 23:51:36.956+00,nLxS2OUFla,4Mbit_Kombat,Kombat,4,12,real,synth,videos/4Mbit_Loss0_Kombat.mp4,videos/4Mbit_Loss0_interpolated_frames_rife_1280_720_Kombat.mp4,3,3,Both,false,1.0.1781903019,b615bb70072a145b,"Mozilla/5.0 (Macintosh; Intel Mac OS X 10_15_7) AppleWebKit/605.1.15 (KHTML, like Gecko) Version/26.5.2 Safari/605.1.15"
272,2026-07-14 23:52:13.42+00,nLxS2OUFla,10Mbit_Kombat,Kombat,10,13,synth,real,videos/10Mbit_Loss0_interpolated_frames_rife_1280_720_Kombat.mp4,videos/10Mbit_Loss0_Kombat.mp4,3,3,Both,false,1.0.1781903019,b615bb70072a145b,"Mozilla/5.0 (Macintosh; Intel Mac OS X 10_15_7) AppleWebKit/605.1.15 (KHTML, like Gecko) Version/26.5.2 Safari/605.1.15"
273,2026-07-14 23:52:35.24+00,nLxS2OUFla,6Mbit_Forza,Forza,6,14,real,synth,videos/6Mbit_Loss0_Forza.mp4,videos/6Mbit_Loss0_interpolated_frames_rife_1280_720_Forza.mp4,4,4,None,false,1.0.1781903019,b615bb70072a145b,"Mozilla/5.0 (Macintosh; Intel Mac OS X 10_15_7) AppleWebKit/605.1.15 (KHTML, like Gecko) Version/26.5.2 Safari/605.1.15"
274,2026-07-15 02:27:13.681+00,WvkoGSyyhE,6Mbit_Fortnite,Fortnite,6,0,real,synth,videos/6Mbit_Loss0_Fortnite.mp4,videos/6Mbit_Loss0_interpolated_frames_rife_1280_720_Fortnite.mp4,5,4,None,false,1.0.1781903019,b615bb70072a145b,"Mozilla/5.0 (Windows NT 10.0; Win64; x64) AppleWebKit/537.36 (KHTML, like Gecko) Chrome/150.0.0.0 Safari/537.36"
275,2026-07-15 02:27:54.918+00,WvkoGSyyhE,2Mbit_Kombat,Kombat,2,1,real,synth,videos/2Mbit_Loss0_Kombat.mp4,videos/2Mbit_Loss0_interpolated_frames_rife_1280_720_Kombat.mp4,2,2,Both,false,1.0.1781903019,b615bb70072a145b,"Mozilla/5.0 (Windows NT 10.0; Win64; x64) AppleWebKit/537.36 (KHTML, like Gecko) Chrome/150.0.0.0 Safari/537.36"
276,2026-07-15 02:28:12.33+00,WvkoGSyyhE,6Mbit_Kombat,Kombat,6,2,real,synth,videos/6Mbit_Loss0_Kombat.mp4,videos/6Mbit_Loss0_interpolated_frames_rife_1280_720_Kombat.mp4,2,2,None,false,1.0.1781903019,b615bb70072a145b,"Mozilla/5.0 (Windows NT 10.0; Win64; x64) AppleWebKit/537.36 (KHTML, like Gecko) Chrome/150.0.0.0 Safari/537.36"
277,2026-07-15 02:28:59.783+00,WvkoGSyyhE,4Mbit_Fortnite,Fortnite,4,3,synth,real,videos/4Mbit_Loss0_interpolated_frames_rife_1280_720_Fortnite.mp4,videos/4Mbit_Loss0_Fortnite.mp4,2,2,None,false,1.0.1781903019,b615bb70072a145b,"Mozilla/5.0 (Windows NT 10.0; Win64; x64) AppleWebKit/537.36 (KHTML, like Gecko) Chrome/150.0.0.0 Safari/537.36"
278,2026-07-15 02:29:19.091+00,WvkoGSyyhE,2Mbit_Forza,Forza,2,4,real,synth,videos/2Mbit_Loss0_Forza.mp4,videos/2Mbit_Loss0_interpolated_frames_rife_1280_720_Forza.mp4,2,2,Both,false,1.0.1781903019,b615bb70072a145b,"Mozilla/5.0 (Windows NT 10.0; Win64; x64) AppleWebKit/537.36 (KHTML, like Gecko) Chrome/150.0.0.0 Safari/537.36"
279,2026-07-15 02:29:54.089+00,WvkoGSyyhE,10Mbit_Kombat,Kombat,10,5,real,synth,videos/10Mbit_Loss0_Kombat.mp4,videos/10Mbit_Loss0_interpolated_frames_rife_1280_720_Kombat.mp4,2,2,Both,false,1.0.1781903019,b615bb70072a145b,"Mozilla/5.0 (Windows NT 10.0; Win64; x64) AppleWebKit/537.36 (KHTML, like Gecko) Chrome/150.0.0.0 Safari/537.36"
280,2026-07-15 02:30:22.439+00,WvkoGSyyhE,10Mbit_Forza,Forza,10,6,real,synth,videos/10Mbit_Loss0_Forza.mp4,videos/10Mbit_Loss0_interpolated_frames_rife_1280_720_Forza.mp4,4,4,Both,false,1.0.1781903019,b615bb70072a145b,"Mozilla/5.0 (Windows NT 10.0; Win64; x64) AppleWebKit/537.36 (KHTML, like Gecko) Chrome/150.0.0.0 Safari/537.36"
281,2026-07-15 02:30:33.701+00,WvkoGSyyhE,8Mbit_Forza,Forza,8,7,synth,real,videos/8Mbit_Loss0_interpolated_frames_rife_1280_720_Forza.mp4,videos/8Mbit_Loss0_Forza.mp4,4,4,Both,false,1.0.1781903019,b615bb70072a145b,"Mozilla/5.0 (Windows NT 10.0; Win64; x64) AppleWebKit/537.36 (KHTML, like Gecko) Chrome/150.0.0.0 Safari/537.36"
282,2026-07-15 02:30:43.769+00,WvkoGSyyhE,4Mbit_Kombat,Kombat,4,8,real,synth,videos/4Mbit_Loss0_Kombat.mp4,videos/4Mbit_Loss0_interpolated_frames_rife_1280_720_Kombat.mp4,2,2,None,false,1.0.1781903019,b615bb70072a145b,"Mozilla/5.0 (Windows NT 10.0; Win64; x64) AppleWebKit/537.36 (KHTML, like Gecko) Chrome/150.0.0.0 Safari/537.36"
283,2026-07-15 02:30:55.949+00,WvkoGSyyhE,8Mbit_Kombat,Kombat,8,9,synth,real,videos/8Mbit_Loss0_interpolated_frames_rife_1280_720_Kombat.mp4,videos/8Mbit_Loss0_Kombat.mp4,3,3,None,false,1.0.1781903019,b615bb70072a145b,"Mozilla/5.0 (Windows NT 10.0; Win64; x64) AppleWebKit/537.36 (KHTML, like Gecko) Chrome/150.0.0.0 Safari/537.36"
284,2026-07-15 02:31:05.429+00,WvkoGSyyhE,6Mbit_Forza,Forza,6,10,real,synth,videos/6Mbit_Loss0_Forza.mp4,videos/6Mbit_Loss0_interpolated_frames_rife_1280_720_Forza.mp4,4,4,Both,false,1.0.1781903019,b615bb70072a145b,"Mozilla/5.0 (Windows NT 10.0; Win64; x64) AppleWebKit/537.36 (KHTML, like Gecko) Chrome/150.0.0.0 Safari/537.36"
285,2026-07-15 02:31:19.565+00,WvkoGSyyhE,2Mbit_Fortnite,Fortnite,2,11,real,synth,videos/2Mbit_Loss0_Fortnite.mp4,videos/2Mbit_Loss0_interpolated_frames_rife_1280_720_Fortnite.mp4,2,2,Both,false,1.0.1781903019,b615bb70072a145b,"Mozilla/5.0 (Windows NT 10.0; Win64; x64) AppleWebKit/537.36 (KHTML, like Gecko) Chrome/150.0.0.0 Safari/537.36"
286,2026-07-15 02:31:39.082+00,WvkoGSyyhE,10Mbit_Fortnite,Fortnite,10,12,real,synth,videos/10Mbit_Loss0_Fortnite.mp4,videos/10Mbit_Loss0_interpolated_frames_rife_1280_720_Fortnite.mp4,4,4,Video A,true,1.0.1781903019,b615bb70072a145b,"Mozilla/5.0 (Windows NT 10.0; Win64; x64) AppleWebKit/537.36 (KHTML, like Gecko) Chrome/150.0.0.0 Safari/537.36"
287,2026-07-15 02:31:49.24+00,WvkoGSyyhE,8Mbit_Fortnite,Fortnite,8,13,synth,real,videos/8Mbit_Loss0_interpolated_frames_rife_1280_720_Fortnite.mp4,videos/8Mbit_Loss0_Fortnite.mp4,4,4,Video B,true,1.0.1781903019,b615bb70072a145b,"Mozilla/5.0 (Windows NT 10.0; Win64; x64) AppleWebKit/537.36 (KHTML, like Gecko) Chrome/150.0.0.0 Safari/537.36"
288,2026-07-15 02:32:08.56+00,WvkoGSyyhE,4Mbit_Forza,Forza,4,14,real,synth,videos/4Mbit_Loss0_Forza.mp4,videos/4Mbit_Loss0_interpolated_frames_rife_1280_720_Forza.mp4,3,3,Both,false,1.0.1781903019,b615bb70072a145b,"Mozilla/5.0 (Windows NT 10.0; Win64; x64) AppleWebKit/537.36 (KHTML, like Gecko) Chrome/150.0.0.0 Safari/537.36"
289,2026-07-16 15:32:43+00,XCmevF1VA4,4Mbit_Fortnite,Fortnite,4,0,synth,real,videos/4Mbit_Loss0_interpolated_frames_rife_1280_720_Fortnite.mp4,videos/4Mbit_Loss0_Fortnite.mp4,4,4,Video B,true,1.0.1781903019,b615bb70072a145b,Mozilla/5.0 (X11; Ubuntu; Linux x86_64; rv:152.0) Gecko/20100101 Firefox/152.0
290,2026-07-16 15:33:03.31+00,XCmevF1VA4,2Mbit_Kombat,Kombat,2,1,synth,real,videos/2Mbit_Loss0_interpolated_frames_rife_1280_720_Kombat.mp4,videos/2Mbit_Loss0_Kombat.mp4,2,3,None,false,1.0.1781903019,b615bb70072a145b,Mozilla/5.0 (X11; Ubuntu; Linux x86_64; rv:152.0) Gecko/20100101 Firefox/152.0
291,2026-07-16 15:33:19.527+00,XCmevF1VA4,6Mbit_Fortnite,Fortnite,6,2,synth,real,videos/6Mbit_Loss0_interpolated_frames_rife_1280_720_Fortnite.mp4,videos/6Mbit_Loss0_Fortnite.mp4,5,4,Video A,false,1.0.1781903019,b615bb70072a145b,Mozilla/5.0 (X11; Ubuntu; Linux x86_64; rv:152.0) Gecko/20100101 Firefox/152.0
292,2026-07-16 15:33:33.919+00,XCmevF1VA4,2Mbit_Forza,Forza,2,3,synth,real,videos/2Mbit_Loss0_interpolated_frames_rife_1280_720_Forza.mp4,videos/2Mbit_Loss0_Forza.mp4,3,3,Video A,false,1.0.1781903019,b615bb70072a145b,Mozilla/5.0 (X11; Ubuntu; Linux x86_64; rv:152.0) Gecko/20100101 Firefox/152.0
293,2026-07-16 15:34:10.744+00,XCmevF1VA4,10Mbit_Kombat,Kombat,10,4,real,synth,videos/10Mbit_Loss0_Kombat.mp4,videos/10Mbit_Loss0_interpolated_frames_rife_1280_720_Kombat.mp4,4,4,Both,false,1.0.1781903019,b615bb70072a145b,Mozilla/5.0 (X11; Ubuntu; Linux x86_64; rv:152.0) Gecko/20100101 Firefox/152.0
294,2026-07-16 15:35:35.671+00,XCmevF1VA4,8Mbit_Fortnite,Fortnite,8,5,real,synth,videos/8Mbit_Loss0_Fortnite.mp4,videos/8Mbit_Loss0_interpolated_frames_rife_1280_720_Fortnite.mp4,4,4,Video A,true,1.0.1781903019,b615bb70072a145b,Mozilla/5.0 (X11; Ubuntu; Linux x86_64; rv:152.0) Gecko/20100101 Firefox/152.0
295,2026-07-16 15:36:17.231+00,XCmevF1VA4,4Mbit_Kombat,Kombat,4,6,synth,real,videos/4Mbit_Loss0_interpolated_frames_rife_1280_720_Kombat.mp4,videos/4Mbit_Loss0_Kombat.mp4,4,4,Video B,true,1.0.1781903019,b615bb70072a145b,Mozilla/5.0 (X11; Ubuntu; Linux x86_64; rv:152.0) Gecko/20100101 Firefox/152.0
296,2026-07-16 15:36:35.44+00,XCmevF1VA4,2Mbit_Fortnite,Fortnite,2,7,synth,real,videos/2Mbit_Loss0_interpolated_frames_rife_1280_720_Fortnite.mp4,videos/2Mbit_Loss0_Fortnite.mp4,3,3,Video B,true,1.0.1781903019,b615bb70072a145b,Mozilla/5.0 (X11; Ubuntu; Linux x86_64; rv:152.0) Gecko/20100101 Firefox/152.0
297,2026-07-16 15:36:49.615+00,XCmevF1VA4,8Mbit_Forza,Forza,8,8,real,synth,videos/8Mbit_Loss0_Forza.mp4,videos/8Mbit_Loss0_interpolated_frames_rife_1280_720_Forza.mp4,4,4,Video A,true,1.0.1781903019,b615bb70072a145b,Mozilla/5.0 (X11; Ubuntu; Linux x86_64; rv:152.0) Gecko/20100101 Firefox/152.0
298,2026-07-16 19:49:16.846+00,XCmevF1VA4,6Mbit_Forza,Forza,6,9,real,synth,videos/6Mbit_Loss0_Forza.mp4,videos/6Mbit_Loss0_interpolated_frames_rife_1280_720_Forza.mp4,4,3,Video B,false,1.0.1781903019,b615bb70072a145b,Mozilla/5.0 (X11; Ubuntu; Linux x86_64; rv:152.0) Gecko/20100101 Firefox/152.0
299,2026-07-16 19:49:27.519+00,XCmevF1VA4,8Mbit_Kombat,Kombat,8,10,synth,real,videos/8Mbit_Loss0_interpolated_frames_rife_1280_720_Kombat.mp4,videos/8Mbit_Loss0_Kombat.mp4,3,4,Video A,false,1.0.1781903019,b615bb70072a145b,Mozilla/5.0 (X11; Ubuntu; Linux x86_64; rv:152.0) Gecko/20100101 Firefox/152.0
300,2026-07-16 19:49:36.727+00,XCmevF1VA4,10Mbit_Forza,Forza,10,11,synth,real,videos/10Mbit_Loss0_interpolated_frames_rife_1280_720_Forza.mp4,videos/10Mbit_Loss0_Forza.mp4,3,4,Both,false,1.0.1781903019,b615bb70072a145b,Mozilla/5.0 (X11; Ubuntu; Linux x86_64; rv:152.0) Gecko/20100101 Firefox/152.0
301,2026-07-16 19:49:46.198+00,XCmevF1VA4,6Mbit_Kombat,Kombat,6,12,real,synth,videos/6Mbit_Loss0_Kombat.mp4,videos/6Mbit_Loss0_interpolated_frames_rife_1280_720_Kombat.mp4,4,3,Video B,false,1.0.1781903019,b615bb70072a145b,Mozilla/5.0 (X11; Ubuntu; Linux x86_64; rv:152.0) Gecko/20100101 Firefox/152.0
302,2026-07-16 19:49:52.454+00,XCmevF1VA4,10Mbit_Fortnite,Fortnite,10,13,synth,real,videos/10Mbit_Loss0_interpolated_frames_rife_1280_720_Fortnite.mp4,videos/10Mbit_Loss0_Fortnite.mp4,3,4,Video B,true,1.0.1781903019,b615bb70072a145b,Mozilla/5.0 (X11; Ubuntu; Linux x86_64; rv:152.0) Gecko/20100101 Firefox/152.0
303,2026-07-16 19:49:58.686+00,XCmevF1VA4,4Mbit_Forza,Forza,4,14,real,synth,videos/4Mbit_Loss0_Forza.mp4,videos/4Mbit_Loss0_interpolated_frames_rife_1280_720_Forza.mp4,4,3,Video A,true,1.0.1781903019,b615bb70072a145b,Mozilla/5.0 (X11; Ubuntu; Linux x86_64; rv:152.0) Gecko/20100101 Firefox/152.0
304,2026-07-16 19:50:36.551+00,Ynm3LEDrbA,2Mbit_Fortnite,Fortnite,2,0,synth,real,videos/2Mbit_Loss0_interpolated_frames_rife_1280_720_Fortnite.mp4,videos/2Mbit_Loss0_Fortnite.mp4,2,3,Video A,false,1.0.1781903019,b615bb70072a145b,Mozilla/5.0 (X11; Ubuntu; Linux x86_64; rv:152.0) Gecko/20100101 Firefox/152.0
305,2026-07-16 19:50:48.966+00,Ynm3LEDrbA,6Mbit_Kombat,Kombat,6,1,synth,real,videos/6Mbit_Loss0_interpolated_frames_rife_1280_720_Kombat.mp4,videos/6Mbit_Loss0_Kombat.mp4,4,3,Video A,false,1.0.1781903019,b615bb70072a145b,Mozilla/5.0 (X11; Ubuntu; Linux x86_64; rv:152.0) Gecko/20100101 Firefox/152.0
306,2026-07-16 19:50:55.966+00,Ynm3LEDrbA,6Mbit_Fortnite,Fortnite,6,2,real,synth,videos/6Mbit_Loss0_Fortnite.mp4,videos/6Mbit_Loss0_interpolated_frames_rife_1280_720_Fortnite.mp4,3,4,Video B,false,1.0.1781903019,b615bb70072a145b,Mozilla/5.0 (X11; Ubuntu; Linux x86_64; rv:152.0) Gecko/20100101 Firefox/152.0
307,2026-07-16 19:51:04.87+00,Ynm3LEDrbA,10Mbit_Kombat,Kombat,10,3,real,synth,videos/10Mbit_Loss0_Kombat.mp4,videos/10Mbit_Loss0_interpolated_frames_rife_1280_720_Kombat.mp4,4,4,Video A,true,1.0.1781903019,b615bb70072a145b,Mozilla/5.0 (X11; Ubuntu; Linux x86_64; rv:152.0) Gecko/20100101 Firefox/152.0
308,2026-07-16 19:51:11.694+00,Ynm3LEDrbA,4Mbit_Kombat,Kombat,4,4,synth,real,videos/4Mbit_Loss0_interpolated_frames_rife_1280_720_Kombat.mp4,videos/4Mbit_Loss0_Kombat.mp4,3,3,Video A,false,1.0.1781903019,b615bb70072a145b,Mozilla/5.0 (X11; Ubuntu; Linux x86_64; rv:152.0) Gecko/20100101 Firefox/152.0
309,2026-07-16 19:51:18.911+00,Ynm3LEDrbA,2Mbit_Forza,Forza,2,5,real,synth,videos/2Mbit_Loss0_Forza.mp4,videos/2Mbit_Loss0_interpolated_frames_rife_1280_720_Forza.mp4,3,2,Video B,false,1.0.1781903019,b615bb70072a145b,Mozilla/5.0 (X11; Ubuntu; Linux x86_64; rv:152.0) Gecko/20100101 Firefox/152.0
310,2026-07-16 19:51:25.231+00,Ynm3LEDrbA,8Mbit_Forza,Forza,8,6,real,synth,videos/8Mbit_Loss0_Forza.mp4,videos/8Mbit_Loss0_interpolated_frames_rife_1280_720_Forza.mp4,4,3,Video A,true,1.0.1781903019,b615bb70072a145b,Mozilla/5.0 (X11; Ubuntu; Linux x86_64; rv:152.0) Gecko/20100101 Firefox/152.0
311,2026-07-16 19:51:38.462+00,Ynm3LEDrbA,10Mbit_Forza,Forza,10,7,real,synth,videos/10Mbit_Loss0_Forza.mp4,videos/10Mbit_Loss0_interpolated_frames_rife_1280_720_Forza.mp4,4,4,Video A,true,1.0.1781903019,b615bb70072a145b,Mozilla/5.0 (X11; Ubuntu; Linux x86_64; rv:152.0) Gecko/20100101 Firefox/152.0
312,2026-07-16 19:51:44.967+00,Ynm3LEDrbA,8Mbit_Kombat,Kombat,8,8,real,synth,videos/8Mbit_Loss0_Kombat.mp4,videos/8Mbit_Loss0_interpolated_frames_rife_1280_720_Kombat.mp4,4,3,Video A,true,1.0.1781903019,b615bb70072a145b,Mozilla/5.0 (X11; Ubuntu; Linux x86_64; rv:152.0) Gecko/20100101 Firefox/152.0
313,2026-07-16 19:51:53.43+00,Ynm3LEDrbA,8Mbit_Fortnite,Fortnite,8,9,synth,real,videos/8Mbit_Loss0_interpolated_frames_rife_1280_720_Fortnite.mp4,videos/8Mbit_Loss0_Fortnite.mp4,4,5,Video B,true,1.0.1781903019,b615bb70072a145b,Mozilla/5.0 (X11; Ubuntu; Linux x86_64; rv:152.0) Gecko/20100101 Firefox/152.0
314,2026-07-16 19:52:00.375+00,Ynm3LEDrbA,10Mbit_Fortnite,Fortnite,10,10,synth,real,videos/10Mbit_Loss0_interpolated_frames_rife_1280_720_Fortnite.mp4,videos/10Mbit_Loss0_Fortnite.mp4,5,4,Video A,false,1.0.1781903019,b615bb70072a145b,Mozilla/5.0 (X11; Ubuntu; Linux x86_64; rv:152.0) Gecko/20100101 Firefox/152.0
315,2026-07-16 19:52:07.495+00,Ynm3LEDrbA,4Mbit_Fortnite,Fortnite,4,11,real,synth,videos/4Mbit_Loss0_Fortnite.mp4,videos/4Mbit_Loss0_interpolated_frames_rife_1280_720_Fortnite.mp4,3,2,Video A,true,1.0.1781903019,b615bb70072a145b,Mozilla/5.0 (X11; Ubuntu; Linux x86_64; rv:152.0) Gecko/20100101 Firefox/152.0
316,2026-07-16 19:52:15.246+00,Ynm3LEDrbA,2Mbit_Kombat,Kombat,2,12,real,synth,videos/2Mbit_Loss0_Kombat.mp4,videos/2Mbit_Loss0_interpolated_frames_rife_1280_720_Kombat.mp4,3,2,Video A,true,1.0.1781903019,b615bb70072a145b,Mozilla/5.0 (X11; Ubuntu; Linux x86_64; rv:152.0) Gecko/20100101 Firefox/152.0
317,2026-07-16 19:52:21.934+00,Ynm3LEDrbA,4Mbit_Forza,Forza,4,13,real,synth,videos/4Mbit_Loss0_Forza.mp4,videos/4Mbit_Loss0_interpolated_frames_rife_1280_720_Forza.mp4,3,4,Video B,false,1.0.1781903019,b615bb70072a145b,Mozilla/5.0 (X11; Ubuntu; Linux x86_64; rv:152.0) Gecko/20100101 Firefox/152.0
318,2026-07-16 19:52:38.398+00,Ynm3LEDrbA,6Mbit_Forza,Forza,6,14,synth,real,videos/6Mbit_Loss0_interpolated_frames_rife_1280_720_Forza.mp4,videos/6Mbit_Loss0_Forza.mp4,2,3,Video A,false,1.0.1781903019,b615bb70072a145b,Mozilla/5.0 (X11; Ubuntu; Linux x86_64; rv:152.0) Gecko/20100101 Firefox/152.0